country,1870,1875,1880,1885,1890,1895,1900,1905,1910,1915,1920,1925,1930,1935,1940,1945,1950,1955,1960,1965,1970,1975,1980,1985,1990,1995,2000,2005,2010,2015
Afghanistan,0.00,0.00,0.00,0.00,0.00,0.00,0.00,0.00,0.00,0.00,0.00,0.00,0.00,0.01,0.05,0.15,0.47,1.40,2.75,6.42,11.01,11.37,14.06,16.23,14.77,13.32,14.17,19.50,25.62,31.41
Africa,0.36,0.44,0.53,0.60,0.58,0.68,0.78,0.94,1.15,1.40,1.83,2.36,3.04,3.91,4.94,6.14,7.63,9.78,12.64,15.78,20.30,24.65,30.16,35.09,39.54,41.19,43.84,47.63,50.61,51.98
Albania,0.00,0.00,0.00,0.00,0.00,0.00,0.00,0.00,0.00,0.00,0.03,0.18,0.75,2.69,7.51,16.53,29.19,44.69,56.84,68.36,83.81,92.11,95.16,95.99,95.94,95.46,94.04,95.12,93.73,96.44
Algeria,0.00,0.00,0.00,0.00,0.00,0.00,0.00,0.00,0.00,0.01,0.01,0.03,0.08,0.20,0.48,1.09,2.46,5.25,10.24,18.01,29.75,38.07,43.53,51.56,63.43,68.94,81.82,80.99,82.55,84.68
Angola,0.00,0.00,0.00,0.00,0.00,0.00,0.00,0.00,0.01,0.02,0.03,0.06,0.13,0.22,0.42,0.75,1.32,2.26,3.28,4.12,6.48,9.76,13.44,16.69,18.57,18.42,18.56,26.85,29.29,41.66
Argentina,1.66,2.20,2.88,3.66,4.43,5.14,5.82,6.57,7.38,8.15,8.95,9.74,10.57,11.63,12.97,14.69,16.03,20.05,24.32,28.86,33.12,38.09,43.31,47.37,51.98,55.46,57.97,61.79,66.49,67.75
Armenia,0.00,0.00,0.00,0.00,0.00,0.00,0.00,0.00,0.00,0.01,0.05,0.27,1.35,5.51,16.75,36.85,60.34,79.88,89.68,95.67,98.21,98.71,98.92,99.02,98.97,98.95,98.84,98.89,98.83,98.98
Aruba,0.00,0.00,0.00,0.00,0.00,0.01,0.03,0.07,0.16,0.35,0.76,1.59,3.15,5.85,10.18,16.04,25.84,32.77,43.24,45.35,53.85,61.42,64.01,68.62,69.63,68.98,71.27,73.67,72.74,76.94
Asia,0.03,0.87,0.74,0.79,1.00,1.06,1.28,1.38,2.02,2.97,5.01,7.39,9.38,11.16,12.76,16.05,21.04,25.85,31.36,37.27,42.75,49.51,56.57,61.92,64.88,67.47,68.62,71.95,75.19,77.98
Australia,0.29,0.49,0.85,1.41,2.26,3.45,5.10,7.31,10.13,13.63,17.88,22.93,28.65,35.33,43.65,53.06,62.68,71.80,78.32,84.39,89.09,93.38,95.43,96.63,97.46,98.10,98.41,98.62,98.87,98.97
Australia and New Zealand,0.88,0.81,1.17,1.73,2.66,3.90,5.60,7.76,10.47,13.90,18.08,23.03,28.63,35.16,43.19,52.32,61.63,70.49,77.10,83.12,87.81,91.95,94.31,95.57,96.60,97.33,97.69,97.98,98.25,98.47
Austria,27.81,30.47,33.26,36.16,39.11,42.07,44.98,47.79,50.42,52.80,54.84,56.67,58.40,60.13,62.63,65.85,69.87,72.34,80.80,88.59,93.27,96.34,98.17,98.87,99.00,98.77,98.33,98.00,97.38,97.16
Azerbaijan,0.00,0.00,0.00,0.02,0.06,0.20,0.52,1.31,2.99,6.18,11.45,19.16,29.04,40.31,51.95,62.94,75.23,79.16,87.76,94.59,97.41,98.60,99.19,99.44,99.48,99.47,99.49,99.43,99.43,99.50
Bahamas,0.01,0.02,0.05,0.11,0.20,0.39,0.71,1.26,2.16,3.57,5.64,8.56,12.42,17.27,23.16,30.22,38.06,47.13,53.44,63.29,72.88,81.94,88.81,93.52,94.88,95.35,96.14,97.53,98.74,98.93
Bahrain,0.00,0.00,0.00,0.00,0.00,0.01,0.02,0.05,0.11,0.22,0.46,0.96,1.91,3.72,6.88,11.98,19.26,28.13,37.16,44.68,49.71,54.90,51.23,49.15,48.38,56.62,56.30,68.14,61.88,83.30
Bangladesh,0.52,0.69,0.88,1.12,1.41,1.74,2.13,2.58,3.13,3.80,4.58,5.46,6.49,7.68,9.05,10.72,12.79,15.20,19.16,21.36,23.07,25.13,26.98,28.71,30.31,32.89,36.71,41.89,45.28,50.79
Belarus,0.00,0.00,0.00,0.00,0.00,0.02,0.05,0.18,0.51,1.39,3.39,7.59,15.52,29.94,46.32,45.38,44.01,53.05,75.60,87.98,96.99,98.83,99.23,99.36,99.34,99.27,99.62,99.32,99.66,99.92
Belgium,0.42,0.63,0.91,1.32,1.86,2.59,3.56,4.85,6.49,8.58,11.13,14.22,17.93,22.31,27.81,34.47,42.29,49.26,55.56,65.62,74.74,81.79,85.26,89.20,92.31,93.58,94.52,95.67,94.98,96.65
Belize,0.08,0.10,0.16,0.23,0.34,0.48,0.66,0.90,1.22,1.66,2.22,2.96,3.89,4.99,6.31,8.18,9.53,12.40,18.80,23.09,29.10,26.88,30.18,33.38,37.75,42.77,45.04,49.16,52.90,56.54
Benin,0.00,0.00,0.00,0.00,0.00,0.00,0.00,0.00,0.00,0.00,0.01,0.04,0.07,0.16,0.33,0.68,1.37,2.55,4.28,7.41,9.21,12.17,15.04,20.02,17.93,15.18,18.86,27.13,40.29,45.70
Bhutan,0.00,0.00,0.00,0.00,0.00,0.00,0.00,0.00,0.00,0.00,0.00,0.01,0.03,0.08,0.20,0.44,0.88,1.59,2.91,3.85,8.13,13.49,16.65,21.40,27.24,29.09,38.92,42.12,59.76,66.70
Bolivia (Plurinational State of),0.06,0.09,0.17,0.27,0.46,0.72,1.13,1.73,2.58,3.77,5.39,7.44,9.88,12.57,15.39,22.27,21.44,22.15,25.14,29.12,33.86,41.25,48.37,52.69,55.80,60.86,68.82,75.49,80.52,85.11
Bosnia and Herzegovina,0.00,0.00,0.00,0.00,0.00,0.00,0.00,0.00,0.01,0.05,0.22,0.88,2.95,7.94,16.98,29.29,42.33,55.89,62.78,72.55,83.65,90.13,94.48,97.31,98.21,98.13,97.77,98.59,98.61,98.96
Botswana,0.00,0.00,0.00,0.00,0.00,0.00,0.00,0.00,0.00,0.00,0.01,0.03,0.08,0.17,0.38,0.81,1.69,3.29,5.69,10.81,14.59,19.95,25.87,34.33,45.11,50.02,59.11,69.88,81.65,84.06
Brazil,0.36,0.51,0.69,0.94,1.23,1.58,2.01,2.51,3.14,3.92,4.80,5.75,6.77,7.93,9.86,11.65,13.90,16.40,19.97,24.43,30.63,37.48,43.34,47.07,49.18,53.38,60.25,65.79,69.88,74.66
Bulgaria,0.28,0.55,1.06,1.91,3.21,5.13,7.80,11.35,15.86,21.32,27.63,34.65,42.17,49.88,57.85,65.89,73.95,81.13,87.18,92.18,95.19,96.20,96.38,96.63,96.63,96.27,94.66,94.40,93.48,93.75
Burkina Faso,0.00,0.00,0.00,0.00,0.00,0.00,0.00,0.00,0.00,0.01,0.01,0.03,0.05,0.09,0.18,0.31,0.62,1.03,1.77,2.90,4.33,5.75,7.50,9.59,11.89,14.50,14.39,11.07,8.54,11.60
Burundi,0.00,0.00,0.00,0.00,0.00,0.00,0.00,0.01,0.01,0.02,0.05,0.07,0.11,0.16,0.26,0.39,0.60,0.87,1.27,1.83,2.53,3.18,4.31,5.41,7.26,8.23,11.60,13.29,16.13,15.43
Cambodia,0.00,0.00,0.00,0.01,0.01,0.03,0.04,0.07,0.12,0.21,0.37,0.61,0.98,1.54,2.35,3.54,5.54,5.79,8.72,11.02,12.77,13.77,12.37,12.37,33.01,46.05,45.79,37.90,38.44,42.67
Cameroon,0.00,0.01,0.01,0.02,0.03,0.04,0.07,0.12,0.18,0.28,0.41,0.61,0.91,1.33,1.93,2.78,4.09,5.17,9.04,12.99,18.03,22.59,28.72,30.96,36.24,37.41,42.30,43.17,50.18,56.70
Canada,1.92,3.28,5.56,9.20,14.77,22.65,32.74,44.17,55.48,65.32,72.94,78.19,81.41,83.20,84.20,84.72,85.03,69.77,76.46,84.16,89.94,92.64,94.01,94.89,95.73,96.52,96.67,97.74,98.80,98.87
Cape Verde,0.00,0.00,0.00,0.00,0.00,0.00,0.00,0.01,0.01,0.02,0.05,0.11,0.17,0.34,0.61,1.10,1.96,3.45,5.91,11.50,16.63,17.92,18.55,18.74,18.97,26.86,29.86,45.25,55.69,63.08
Caribbean,0.34,1.38,1.68,2.05,2.43,2.78,3.20,3.74,4.39,5.06,6.00,7.21,8.69,10.74,13.43,15.68,20.66,26.50,33.15,41.25,47.98,53.98,58.56,65.70,68.79,69.34,70.25,71.39,72.78,74.55
Central African Republic,0.37,0.47,0.61,0.78,0.99,1.24,1.53,1.89,2.30,2.77,3.33,3.99,4.73,5.61,6.58,7.62,8.81,10.04,11.28,12.47,13.56,14.48,15.22,16.37,16.66,18.48,21.56,19.02,19.58,19.10
Central America,0.31,0.16,0.14,0.15,0.18,0.24,0.30,0.37,0.45,0.57,0.68,0.85,1.15,1.68,2.54,3.96,6.15,9.54,14.35,20.58,27.99,35.26,43.81,51.91,57.32,60.73,62.62,67.08,71.47,74.95
Central Asia,0.42,0.97,1.98,3.72,6.59,9.51,13.22,16.91,20.94,24.41,26.72,29.85,35.59,40.57,39.24,51.87,57.46,65.22,78.48,87.64,94.97,97.31,98.05,98.39,98.42,98.34,98.24,98.30,97.78,98.03
Chad,0.00,0.00,0.00,0.00,0.00,0.00,0.01,0.01,0.02,0.03,0.05,0.08,0.15,0.24,0.40,0.62,0.98,1.52,2.32,3.43,4.92,6.54,8.62,11.27,12.58,15.50,18.87,22.98,27.39,29.67
Chile,0.95,1.43,2.11,3.05,4.25,5.71,7.53,9.74,12.31,15.16,18.02,20.67,22.71,24.04,22.81,22.89,24.29,27.64,31.90,38.79,48.73,63.15,74.80,80.42,84.94,88.87,91.82,94.09,95.10,96.04
China,0.00,0.00,0.00,0.00,0.00,0.00,0.00,0.01,0.02,0.07,0.19,0.50,1.20,2.64,5.26,9.40,15.39,24.49,31.40,39.74,45.29,57.03,71.37,80.07,80.57,84.19,88.54,91.18,93.34,94.85
Colombia,0.67,0.86,1.07,1.33,1.63,1.96,2.34,2.76,3.23,3.77,4.39,5.14,6.04,7.09,8.44,10.15,12.23,11.94,15.34,20.67,26.02,32.36,37.97,41.01,43.60,48.81,56.78,62.40,69.81,76.50
Comoros,0.00,0.00,0.00,0.00,0.00,0.00,0.00,0.01,0.02,0.03,0.04,0.07,0.12,0.20,0.33,0.59,1.07,2.02,5.62,6.37,9.63,17.18,26.86,31.63,35.31,34.76,37.83,42.09,45.16,49.67
Congo,0.00,0.00,0.00,0.00,0.00,0.00,0.00,0.00,0.00,0.00,0.00,0.00,0.01,0.03,0.12,0.38,1.18,3.17,7.84,13.92,26.69,43.39,54.77,55.13,52.74,51.75,47.73,47.60,46.00,47.27
Costa Rica,0.27,0.37,0.50,0.69,0.90,1.17,1.50,1.89,2.36,2.97,3.73,4.71,5.86,7.28,9.15,11.56,14.67,17.83,22.35,27.75,33.76,38.62,43.11,45.04,42.75,44.68,49.02,54.10,59.03,63.23
Cote d'Ivoire,0.00,0.00,0.00,0.00,0.00,0.01,0.01,0.03,0.04,0.07,0.11,0.17,0.29,0.46,0.79,1.29,2.10,3.42,5.45,8.21,12.05,15.56,20.47,22.83,22.36,25.24,24.85,29.94,34.53,39.83
Croatia,19.98,23.98,28.32,32.75,37.03,41.04,44.79,48.31,51.61,54.66,57.32,59.58,61.35,62.77,64.03,65.48,65.53,70.61,76.39,86.40,92.43,94.50,96.33,98.11,98.77,98.86,98.71,99.23,99.07,99.50
Cuba,2.50,2.91,3.36,3.81,4.22,4.61,4.98,5.38,5.82,6.36,7.15,8.16,9.49,11.44,14.44,15.24,23.15,33.37,46.72,60.57,70.87,78.06,83.77,87.87,88.89,89.48,89.94,92.67,95.49,96.13
Curaçao,0.07,0.14,0.25,0.48,0.85,1.46,2.38,3.72,5.60,8.13,11.37,15.38,20.09,25.52,31.62,38.30,43.68,52.56,56.92,66.03,72.35,78.77,81.90,83.60,85.86,87.00,87.83,88.31,90.86,88.96
Cyprus,1.59,2.04,2.57,3.22,3.94,4.72,5.53,6.44,7.41,8.51,9.64,10.80,11.98,13.31,15.79,17.28,22.41,33.21,46.13,57.18,64.32,72.71,81.45,89.29,92.08,93.87,94.39,95.36,96.28,96.80
Czech Republic,93.83,94.59,95.23,95.69,96.02,96.27,96.51,96.75,96.98,97.20,97.41,97.61,97.83,98.00,98.19,98.38,98.58,98.80,98.96,99.14,99.21,98.99,99.05,99.18,99.24,99.29,99.19,99.24,99.12,99.35
Democratic People's Republic of Korea,0.00,0.00,0.00,0.00,0.00,0.00,0.00,0.00,0.01,0.07,0.31,1.29,4.50,12.20,25.54,43.19,35.92,77.72,85.08,95.88,99.61,99.94,99.97,99.97,99.97,99.98,99.98,99.96,99.97,99.97
Democratic Republic of the Congo,0.02,0.03,0.05,0.09,0.16,0.25,0.40,0.64,0.99,1.53,2.31,3.41,4.93,6.94,9.54,12.80,16.81,21.51,28.18,31.68,39.97,47.98,56.75,61.84,65.54,62.76,60.56,64.74,69.76,70.54
Denmark,99.94,99.95,99.94,99.95,99.95,99.94,99.94,99.95,99.94,99.95,99.94,99.94,99.94,99.94,99.94,99.94,99.93,99.94,99.89,99.79,99.72,99.57,99.34,99.40,99.43,99.51,99.64,99.84,99.95,99.97
Dominican Republic,0.07,0.17,0.36,0.66,1.13,1.76,2.54,3.42,4.38,5.26,5.98,6.63,7.31,8.19,9.40,11.46,12.60,15.60,19.13,23.53,29.93,38.10,45.29,51.40,52.66,53.39,59.06,64.08,70.32,72.80
Eastern Africa,0.03,0.16,0.25,0.40,0.49,0.68,0.82,0.91,1.06,1.18,1.46,1.66,2.01,2.52,3.22,4.10,5.11,6.28,8.19,10.77,13.37,15.86,19.08,22.92,25.82,26.79,28.47,30.95,32.39,33.39
Eastern Asia,0.01,0.00,0.00,0.00,0.02,0.03,0.09,0.25,0.74,2.05,5.06,8.81,11.63,13.94,16.05,20.53,27.61,34.04,40.70,49.29,54.35,62.25,74.96,82.56,82.88,86.19,90.15,92.25,93.91,95.40
Eastern Europe,3.47,2.12,5.29,7.81,9.86,10.35,10.85,11.19,12.38,13.97,17.88,21.33,24.60,29.73,39.14,54.02,66.31,62.29,76.84,88.76,95.59,97.66,98.37,98.76,98.76,98.64,98.19,98.38,97.92,98.55
Ecuador,0.36,0.49,0.65,0.86,1.12,1.39,1.71,2.11,2.58,3.14,3.80,4.64,5.64,6.73,7.60,8.49,9.70,11.84,14.87,19.70,26.22,34.00,42.02,48.44,51.72,53.37,55.32,60.18,65.42,69.21
Egypt,0.11,0.17,0.24,0.34,0.48,0.68,0.94,1.28,1.74,2.36,3.12,4.08,5.24,6.63,8.25,10.17,12.65,15.90,19.95,24.48,30.61,37.11,44.34,51.12,57.31,62.00,66.79,71.53,75.32,79.01
El Salvador,0.03,0.04,0.07,0.11,0.17,0.25,0.37,0.53,0.76,1.07,1.48,1.96,2.58,3.36,4.44,5.51,7.25,9.47,12.75,16.76,21.85,28.22,34.88,40.62,44.75,48.56,53.04,57.63,60.60,64.98
Equatorial Guinea,0.00,0.00,0.00,0.00,0.00,0.00,0.00,0.00,0.00,0.01,0.03,0.08,0.23,0.57,1.32,2.77,5.30,9.21,14.70,19.04,31.69,34.79,40.20,40.45,41.91,42.74,36.23,32.82,41.97,45.27
Estonia,0.00,0.00,0.00,0.01,0.03,0.08,0.21,0.52,1.22,2.55,4.99,9.14,15.62,24.80,36.43,49.80,63.77,78.80,87.53,92.90,96.43,97.88,98.70,99.08,99.09,98.50,97.31,97.55,96.95,97.97
Ethiopia,0.03,0.04,0.05,0.06,0.08,0.10,0.13,0.17,0.21,0.27,0.33,0.40,0.50,0.61,0.74,0.91,0.99,1.34,1.62,2.08,3.08,4.49,5.96,7.21,8.49,9.85,11.26,14.49,14.32,15.79
Europe,14.19,15.90,23.03,26.98,29.99,33.81,35.96,36.59,37.12,37.99,39.93,41.53,42.22,43.79,50.14,55.12,61.85,62.23,73.38,81.29,87.23,91.50,93.78,94.83,95.38,95.89,96.26,96.95,96.66,97.54
Fiji,0.02,0.03,0.04,0.08,0.12,0.19,0.30,0.42,0.60,0.90,1.37,2.04,3.04,4.45,6.40,9.07,12.65,17.02,22.60,25.44,30.66,42.96,55.98,63.71,68.11,71.13,75.47,81.60,83.51,85.45
Finland,0.16,0.23,0.32,0.46,0.66,0.94,1.34,1.91,2.72,3.84,5.39,7.48,10.24,13.73,18.02,23.19,29.49,37.48,46.61,58.96,67.11,76.37,93.40,98.63,99.65,99.73,99.65,99.51,99.88,98.96
France,1.17,1.50,1.90,2.36,2.84,3.36,3.97,4.69,5.57,6.61,7.86,9.54,12.04,15.86,33.12,32.34,34.93,42.28,51.68,61.62,70.03,75.45,81.19,85.59,88.52,90.62,92.42,93.19,93.97,94.47
French Guiana,0.97,1.36,1.87,2.52,3.32,4.25,5.35,6.61,8.14,9.94,12.01,14.32,16.92,19.95,23.63,28.13,33.63,39.33,44.76,48.13,52.16,55.75,57.63,60.41,61.07,58.67,61.99,60.58,62.47,69.72
French Polynesia,0.03,0.06,0.09,0.16,0.27,0.43,0.72,1.15,1.81,2.76,4.07,5.80,8.04,10.89,14.63,19.31,21.74,29.07,35.68,43.92,53.46,58.62,62.61,67.21,72.58,78.95,85.01,89.10,93.05,94.60
Gabon,0.00,0.00,0.00,0.00,0.00,0.00,0.00,0.00,0.00,0.00,0.00,0.00,0.00,0.01,0.06,0.23,0.86,2.75,7.07,13.95,28.17,36.98,44.03,47.92,49.01,49.85,51.39,51.30,51.07,48.22
Gambia,0.00,0.00,0.00,0.00,0.00,0.00,0.00,0.00,0.00,0.00,0.00,0.00,0.00,0.00,0.00,0.00,0.05,0.37,2.13,8.82,12.50,17.00,21.97,27.10,31.87,35.75,40.66,46.16,54.54,52.83
Georgia,0.00,0.00,0.00,0.00,0.00,0.00,0.00,0.01,0.04,0.17,0.75,2.76,8.22,19.42,36.41,55.53,72.18,84.11,91.07,95.34,97.85,98.48,98.65,98.81,98.80,98.79,98.48,98.50,98.29,98.52
Germany,20.63,31.25,43.35,55.13,65.24,73.23,79.29,83.82,87.15,89.51,91.18,92.39,93.31,93.97,94.65,95.27,95.81,96.00,96.76,96.80,96.78,97.35,96.98,96.90,96.83,96.52,96.69,97.56,97.23,98.67
Ghana,0.33,0.49,0.71,1.02,1.40,1.93,2.63,3.51,4.67,6.13,7.96,10.21,12.94,16.19,19.98,24.33,29.21,34.67,39.19,47.18,53.65,61.06,59.75,59.14,59.52,61.21,64.29,65.01,64.52,61.88
Greece,0.94,1.34,1.89,2.61,3.48,4.49,5.64,6.92,8.29,9.74,11.20,12.68,14.17,15.82,18.01,21.09,25.39,31.02,35.88,43.19,51.63,62.94,70.88,78.92,83.46,86.29,86.98,88.92,90.99,92.05
Guadeloupe,0.00,0.00,0.01,0.01,0.02,0.06,0.10,0.19,0.35,0.63,1.12,1.94,3.25,5.33,8.53,13.12,19.41,27.17,35.91,40.66,48.71,56.96,64.38,70.60,75.64,78.03,80.02,83.19,82.91,84.23
Guatemala,0.24,0.32,0.41,0.52,0.66,0.82,1.02,1.25,1.51,1.82,2.23,2.73,3.35,4.05,4.83,5.73,5.99,7.34,8.83,10.81,13.92,17.21,20.61,24.37,27.31,30.43,34.33,39.38,45.84,52.58
Guinea,0.00,0.00,0.00,0.00,0.00,0.00,0.00,0.00,0.01,0.01,0.03,0.06,0.11,0.19,0.38,0.69,1.22,1.68,3.02,5.22,8.94,15.25,15.84,13.66,14.02,14.82,19.95,25.89,34.43,39.15
Guinea-Bissau,0.00,0.00,0.00,0.00,0.00,0.00,0.00,0.00,0.01,0.02,0.03,0.06,0.11,0.21,0.36,0.64,1.14,1.99,3.37,5.51,8.61,12.14,18.04,24.00,23.84,26.14,30.68,32.66,38.40,34.85
Guyana,2.25,3.09,4.20,5.59,7.25,9.15,11.24,13.46,15.79,18.25,20.75,23.31,25.98,28.70,31.69,34.84,35.78,40.69,43.30,49.88,58.34,63.31,64.78,67.10,69.40,75.96,76.00,84.19,88.95,91.84
Haiti,0.80,1.00,1.22,1.47,1.74,2.00,2.30,2.59,2.91,3.23,3.58,3.93,4.30,4.67,5.15,5.61,6.11,7.55,9.04,9.45,12.11,14.47,18.13,24.31,31.94,36.01,45.59,43.55,40.15,45.85
Honduras,0.16,0.20,0.26,0.33,0.42,0.50,0.61,0.74,0.89,1.07,1.28,1.51,1.79,2.12,2.53,3.20,3.72,5.12,6.97,9.30,11.96,14.87,18.11,21.46,22.96,23.41,24.75,29.48,35.56,39.45
Hong Kong Special Administrative Region of China,0.00,0.00,0.00,0.00,0.00,0.00,0.00,0.02,0.04,0.11,0.29,0.71,1.65,3.53,6.88,12.19,19.58,28.23,40.02,45.19,50.88,55.42,64.27,76.93,86.01,90.16,93.23,95.14,97.46,97.46
Hungary,0.30,0.45,0.70,1.07,1.57,2.30,3.35,4.90,7.14,10.37,14.89,21.04,29.10,38.82,50.05,61.81,73.01,83.89,91.41,95.23,97.19,97.90,97.80,98.17,98.43,98.48,98.44,98.76,98.35,99.22
Iceland,0.00,0.00,0.00,0.00,0.00,0.01,0.04,0.20,1.07,5.73,25.16,64.95,91.03,98.23,99.68,99.99,100.00,99.96,99.90,99.95,99.90,99.99,99.96,99.94,99.98,99.95,99.96,99.96,99.97,99.96
India,0.58,0.78,1.02,1.35,1.73,2.20,2.76,3.43,4.22,5.14,6.20,7.38,8.71,10.19,11.90,13.98,16.62,19.78,23.53,27.51,32.25,37.00,40.26,43.22,46.88,50.94,55.26,60.80,63.70,70.12
Indonesia,0.00,0.00,0.00,0.00,0.01,0.02,0.03,0.08,0.17,0.32,0.60,1.08,1.81,2.82,4.03,4.76,6.29,9.33,15.12,20.56,25.50,30.49,34.61,43.22,54.42,59.54,63.36,68.12,73.00,76.26
Iran (Islamic Republic of),0.00,0.00,0.00,0.00,0.00,0.00,0.01,0.01,0.02,0.06,0.12,0.25,0.51,1.04,2.07,5.29,6.18,8.41,13.96,23.08,30.18,38.49,46.72,53.93,56.32,62.00,69.40,74.39,77.37,82.67
Iraq,0.00,0.00,0.00,0.00,0.00,0.00,0.01,0.01,0.03,0.09,0.19,0.38,0.77,1.43,2.55,4.35,7.22,10.68,17.55,25.45,32.76,38.93,43.57,46.07,46.69,45.63,43.55,44.46,38.49,44.89
Ireland,1.04,1.36,1.76,2.27,2.90,3.65,4.59,5.77,7.19,8.90,10.93,13.25,15.86,18.71,22.10,26.37,31.90,34.12,40.68,49.44,59.93,73.42,83.55,89.09,93.30,94.21,95.96,97.32,97.44,98.73
Israel,0.20,0.37,0.63,1.07,1.72,2.68,4.00,5.80,8.13,11.03,14.49,18.49,23.07,28.67,35.54,41.02,48.44,56.58,62.71,68.17,74.16,75.53,77.75,79.57,81.31,83.01,84.17,85.79,83.51,87.25
Italy,2.29,3.12,4.13,5.23,6.36,7.57,8.83,10.23,11.67,13.07,14.45,15.86,17.37,19.20,21.81,25.44,30.58,37.65,46.86,54.40,67.04,80.26,89.04,92.68,94.11,95.37,96.12,98.31,98.05,99.47
Jamaica,0.26,0.41,0.60,0.88,1.24,1.71,2.28,3.04,3.99,5.15,6.55,8.24,10.29,12.73,15.59,18.83,22.39,27.32,29.44,35.60,43.08,55.14,67.75,76.81,81.28,84.70,86.42,90.55,92.19,93.31
Japan,0.00,0.00,0.00,0.01,0.05,0.19,0.61,1.94,5.92,16.58,38.99,67.91,87.50,95.49,98.19,99.15,99.50,86.93,89.77,93.63,99.40,99.88,99.88,99.90,99.93,99.93,99.91,99.91,99.22,99.87
Jordan,0.00,0.00,0.00,0.00,0.00,0.00,0.01,0.03,0.07,0.15,0.32,0.67,1.35,2.65,4.97,8.83,14.71,22.74,32.11,44.04,50.87,54.79,58.50,62.02,63.59,64.58,62.06,66.23,71.72,76.51
Kazakhstan,1.06,2.04,3.72,6.39,10.28,15.41,21.58,28.42,35.20,41.41,46.73,50.99,54.21,56.43,47.91,61.23,58.57,64.52,77.71,86.74,94.98,97.58,98.47,98.91,98.91,98.87,98.85,98.84,98.82,98.74
Kenya,0.00,0.00,0.00,0.00,0.01,0.02,0.03,0.08,0.14,0.24,0.44,0.78,1.36,2.31,3.81,6.09,9.41,13.63,20.79,29.89,34.03,35.97,42.24,48.90,59.16,64.78,64.32,65.26,64.90,61.98
Kiribati,0.28,0.41,0.58,0.82,1.14,1.55,2.07,2.75,3.60,4.66,5.96,7.51,9.33,11.43,13.83,16.60,19.84,23.40,27.13,30.85,34.41,37.83,41.08,42.69,48.62,51.67,58.98,66.89,77.12,77.92
Kuwait,0.00,0.00,0.01,0.02,0.03,0.06,0.13,0.24,0.43,0.77,1.35,2.31,3.84,6.10,9.24,13.34,18.31,23.87,29.62,35.22,40.36,59.97,57.28,55.72,54.92,54.64,55.27,74.03,58.44,85.58
Kyrgyzstan,0.00,0.00,0.00,0.00,0.00,0.00,0.00,0.01,0.04,0.16,0.56,1.82,5.11,11.82,22.61,36.46,54.54,63.41,78.42,90.22,96.59,98.34,98.80,98.98,99.08,99.07,98.94,98.66,98.42,98.22
Lao People's Democratic Republic,0.00,0.00,0.00,0.00,0.00,0.00,0.02,0.03,0.06,0.10,0.18,0.30,0.51,0.87,1.37,2.15,3.30,4.94,7.16,9.97,13.61,16.99,22.54,24.44,27.82,27.47,29.73,36.68,41.63,46.66
Latin America and the Caribbean,0.78,0.85,0.94,1.17,1.50,1.87,2.38,2.93,3.57,4.37,5.15,6.02,7.05,8.27,9.85,11.59,14.05,17.22,21.39,26.92,33.38,40.31,46.80,52.01,55.64,59.30,63.41,67.93,72.22,76.04
Latvia,33.13,39.26,45.17,50.30,54.53,58.39,62.06,65.64,68.99,72.02,74.83,77.33,79.52,81.42,83.16,84.41,86.68,87.46,93.42,96.63,98.65,99.17,99.37,99.40,99.21,98.85,97.95,97.89,96.54,97.58
Lebanon,0.00,0.00,0.00,0.00,0.00,0.00,0.01,0.02,0.08,0.15,0.34,0.73,1.45,2.73,4.94,8.45,13.56,20.13,24.79,32.61,40.57,47.79,54.58,60.53,65.73,70.29,73.63,78.23,79.72,81.97
Lesotho,0.12,0.17,0.24,0.34,0.46,0.61,0.80,1.03,1.33,1.68,2.12,2.63,3.24,3.98,4.83,5.81,6.96,8.19,9.52,11.05,12.29,14.07,16.26,17.42,23.95,25.01,26.82,30.08,34.81,34.21
Liberia,0.00,0.00,0.00,0.00,0.00,0.00,0.02,0.05,0.08,0.16,0.29,0.53,0.95,1.64,2.74,4.46,7.09,10.84,16.09,21.55,30.12,40.19,42.86,44.59,44.59,40.88,39.65,39.26,32.46,30.97
Lithuania,0.02,0.05,0.12,0.26,0.53,1.04,1.94,3.44,5.78,9.00,13.02,17.93,23.38,29.09,36.05,40.86,49.97,57.47,74.06,87.90,96.92,98.85,99.29,99.36,99.33,98.91,97.34,98.66,98.44,97.91
Luxembourg,8.95,10.49,12.26,14.21,16.37,18.73,21.32,24.16,27.20,30.44,33.82,37.32,40.96,44.81,49.06,53.82,58.85,63.80,67.88,73.55,74.40,78.07,79.99,81.06,83.50,86.55,90.33,94.13,94.51,97.92
Macao Special Administrative Region of China,0.00,0.00,0.00,0.00,0.00,0.00,0.00,0.00,0.01,0.03,0.10,0.24,0.57,1.26,2.59,5.00,8.94,14.76,22.52,31.87,42.12,40.67,51.68,64.24,74.66,83.05,88.82,91.79,95.60,95.69
Madagascar,0.00,0.00,0.00,0.00,0.00,0.00,0.00,0.00,0.01,0.02,0.05,0.12,0.24,0.49,1.00,1.94,3.65,5.51,8.22,13.13,14.01,16.69,19.05,22.86,21.34,15.45,17.16,15.14,18.34,23.01
Malawi,0.20,0.29,0.38,0.51,0.67,0.89,1.15,1.49,1.91,2.44,3.09,3.89,4.85,5.99,7.83,9.00,10.13,13.06,18.61,24.58,28.56,31.69,36.72,38.69,39.62,43.21,49.08,51.63,50.86,65.16
Malaysia,0.10,0.28,0.73,1.61,3.16,5.54,8.68,12.39,16.36,20.42,24.02,26.69,27.85,27.22,3.83,7.03,13.88,18.27,23.18,33.75,44.29,57.82,65.69,76.79,81.56,84.42,84.83,90.13,90.95,95.97
Maldives,0.00,0.00,0.00,0.00,0.00,0.00,0.00,0.00,0.00,0.00,0.00,0.00,0.01,0.01,0.03,0.09,0.19,0.48,1.04,2.14,4.01,8.10,11.09,13.58,19.84,36.52,49.55,68.54,76.95,84.28
Mali,0.00,0.00,0.01,0.01,0.02,0.04,0.05,0.06,0.10,0.12,0.17,0.24,0.34,0.45,0.61,0.87,1.26,1.91,2.57,3.59,5.91,9.45,10.85,10.04,9.55,10.29,13.96,17.45,24.46,29.47
Malta,25.66,26.38,27.09,27.73,28.15,28.36,28.52,28.74,29.02,29.26,29.62,30.02,30.31,30.90,32.02,34.41,34.19,38.18,46.91,51.47,50.80,56.56,81.59,99.27,99.60,99.47,99.37,99.84,99.50,99.99
Martinique,0.00,0.00,0.00,0.00,0.00,0.00,0.00,0.00,0.00,0.00,0.00,0.00,0.02,0.10,0.47,1.81,5.66,14.12,38.02,45.16,52.58,59.66,65.31,70.98,76.44,81.95,84.24,88.24,87.24,89.11
Mauritius,0.01,0.02,0.04,0.08,0.14,0.23,0.39,0.63,1.00,1.58,2.45,3.76,5.65,8.30,11.76,15.58,19.53,22.93,25.28,27.32,30.39,38.84,43.79,47.82,49.83,51.51,52.23,62.26,66.48,76.75
Melanesia,0.09,0.25,0.24,0.25,0.28,0.35,0.53,0.78,1.08,1.75,2.71,3.94,5.50,6.99,8.21,10.02,12.56,16.07,20.28,24.08,29.95,39.80,49.26,55.33,59.74,61.19,65.01,70.53,70.94,71.14
Mexico,,0.00,0.00,0.00,0.00,0.00,0.00,0.00,0.02,0.03,0.08,0.18,0.40,0.83,1.66,3.16,5.69,9.60,15.17,22.38,30.87,39.13,48.93,58.22,65.06,69.11,71.60,76.88,81.51,84.77
Micronesia,0.15,0.20,0.57,0.69,0.68,1.05,1.37,1.73,2.16,2.60,3.26,4.16,4.97,6.02,7.38,9.69,14.10,22.13,34.36,45.57,56.96,63.49,66.57,64.92,67.22,69.74,72.55,74.88,76.71,78.52
Micronesia (Federated States of),0.00,0.00,0.00,0.00,0.00,0.00,0.00,0.00,0.00,0.00,0.00,0.00,0.01,0.06,0.40,1.98,7.58,20.85,41.07,59.44,78.20,84.17,85.71,83.03,82.28,82.02,81.81,81.28,76.28,79.11
Middle Africa,0.02,0.03,0.05,0.09,0.15,0.22,0.31,0.42,0.59,0.84,1.21,1.72,2.47,3.49,4.85,6.67,9.07,12.00,16.52,20.27,26.98,32.29,38.86,42.65,46.07,45.92,44.47,48.19,52.73,56.74
Mongolia,0.00,0.00,0.00,0.00,0.00,0.00,0.01,0.03,0.11,0.34,0.97,2.43,5.26,9.94,16.53,24.81,34.67,44.78,55.05,67.05,76.45,79.75,84.32,88.86,91.77,91.27,82.45,84.51,86.12,87.90
Montenegro,0.00,0.00,0.00,0.00,0.00,0.00,0.00,0.01,0.07,0.32,1.24,3.92,9.84,19.43,31.76,45.18,58.05,70.77,78.13,84.73,94.04,96.77,97.63,98.43,98.47,98.32,97.81,97.75,97.75,96.26
Morocco,0.00,0.00,0.00,0.00,0.00,0.00,0.00,0.00,0.00,0.00,0.00,0.00,0.01,0.04,0.11,0.27,0.74,1.96,7.11,11.16,17.88,20.68,22.70,27.37,32.54,32.55,34.86,41.94,44.57,54.52
Mozambique,0.01,0.02,0.02,0.03,0.04,0.06,0.08,0.12,0.17,0.23,0.32,0.43,0.61,0.81,1.08,1.46,1.94,2.56,3.35,4.63,5.50,7.99,11.90,14.82,14.32,14.51,18.24,24.46,27.42,30.96
Myanmar,0.00,0.01,0.01,0.02,0.04,0.08,0.11,0.18,0.26,0.41,0.65,1.01,1.54,2.37,3.57,5.34,8.04,11.33,14.81,17.58,19.79,23.03,22.91,22.29,25.46,25.34,26.82,32.22,39.22,43.81
Namibia,0.00,0.00,0.00,0.01,0.02,0.03,0.06,0.09,0.14,0.24,0.40,0.65,1.04,1.64,2.55,3.88,5.77,8.35,11.69,17.18,19.88,25.50,32.25,40.56,45.71,48.62,53.51,53.94,56.85,53.40
Nepal,0.05,0.07,0.09,0.12,0.17,0.23,0.32,0.41,0.54,0.72,0.95,1.25,1.63,2.12,2.76,3.63,4.84,6.58,8.61,11.43,15.76,21.23,26.79,33.69,40.63,45.20,50.00,57.62,62.05,69.79
Netherlands,7.76,10.55,14.03,18.24,23.08,28.43,34.11,39.95,45.70,51.11,56.03,60.40,64.21,67.47,70.47,73.45,76.63,81.02,82.51,86.57,86.18,88.37,90.76,91.52,93.00,93.85,94.28,95.09,94.74,94.23
New Caledonia,0.32,0.51,0.82,1.27,1.95,2.89,4.19,5.88,8.03,10.66,13.74,17.16,20.93,24.70,26.91,30.64,32.81,35.30,39.36,46.17,54.43,62.44,68.94,76.94,84.19,89.64,93.79,95.59,97.32,98.22
New Zealand,1.39,1.86,2.48,3.29,4.31,5.63,7.28,9.38,11.98,15.17,19.01,23.49,28.56,34.37,41.14,48.82,56.93,64.74,71.70,77.54,81.71,85.43,89.02,90.68,92.29,93.49,94.11,94.80,94.72,95.99
Nicaragua,0.00,0.00,0.00,0.01,0.03,0.04,0.07,0.11,0.15,0.24,0.39,0.59,0.88,1.32,1.98,2.96,4.42,6.45,9.34,12.22,17.04,22.76,27.95,31.30,30.19,29.80,33.18,35.43,38.62,43.53
Niger,0.00,0.00,0.00,0.00,0.00,0.00,0.00,0.00,0.00,0.00,0.00,0.00,0.00,0.00,0.01,0.04,0.09,0.20,0.41,0.66,1.51,3.00,4.14,5.38,6.55,6.51,6.61,8.40,7.22,11.57
Nigeria,0.01,0.02,0.03,0.05,0.08,0.12,0.19,0.28,0.42,0.62,0.89,1.28,1.82,2.52,3.46,4.66,6.30,8.40,12.02,13.47,17.06,21.70,32.01,41.75,46.75,49.28,54.28,59.80,66.22,68.29
Northern Africa,0.01,0.01,0.04,0.11,0.11,0.25,0.39,0.56,0.81,1.07,1.40,1.90,2.53,3.38,4.22,5.21,6.54,9.12,13.09,18.15,25.80,31.66,36.93,43.02,50.05,53.90,59.45,63.84,66.72,70.13
Northern America,2.96,4.30,6.15,8.54,11.44,14.95,19.14,23.85,29.08,34.75,40.97,47.62,54.43,61.32,68.29,74.82,80.54,83.09,87.31,90.80,93.19,94.15,94.50,94.70,94.74,94.63,94.81,96.11,96.52,97.66
Northern Europe,33.67,54.23,64.25,71.05,75.74,77.57,78.33,79.20,79.26,79.22,79.41,80.23,80.72,81.58,82.54,84.19,84.45,86.44,89.55,92.15,94.27,96.37,98.38,98.97,99.21,99.18,99.08,99.43,99.30,99.64
Norway,99.46,99.47,99.49,99.51,99.51,99.52,99.53,99.53,99.53,99.52,99.51,99.51,99.49,99.46,99.44,99.43,99.42,99.40,99.43,99.40,99.36,99.29,99.35,99.34,99.42,99.30,99.09,99.49,99.40,99.84
Occupied Palestinian Territory,0.00,0.00,0.00,0.00,0.00,0.00,0.00,0.00,0.00,0.00,0.02,0.06,0.20,0.62,1.73,4.31,8.18,17.60,32.04,47.70,58.47,63.67,66.16,68.96,71.58,74.16,77.51,81.49,84.98,86.50
Oceania,0.85,0.80,1.13,1.66,2.51,3.63,5.28,7.41,10.06,13.35,17.38,22.15,27.49,33.60,40.95,49.52,57.84,65.68,71.95,78.22,83.54,87.86,90.29,91.77,92.89,94.00,94.06,95.03,95.66,96.01
Oman,0.00,0.00,0.00,0.02,0.02,0.03,0.05,0.07,0.10,0.16,0.24,0.36,0.53,0.82,1.29,1.87,3.19,5.09,8.65,15.44,24.67,33.09,39.35,44.32,49.17,58.95,60.83,68.88,74.79,78.70
Pakistan,0.28,0.36,0.48,0.62,0.80,1.02,1.28,1.62,2.01,2.52,3.13,3.91,4.86,6.04,7.47,9.22,11.42,14.14,17.40,21.44,24.88,29.55,35.15,36.43,37.68,44.53,47.48,48.22,50.90,54.14
Panama,1.72,2.11,2.56,3.05,3.53,4.00,4.46,4.92,5.46,6.12,6.80,7.48,8.14,9.00,8.98,12.58,15.74,19.98,24.07,30.31,36.64,46.03,54.60,57.95,58.78,61.14,63.94,67.12,70.32,72.99
Paraguay,0.11,0.14,0.21,0.30,0.42,0.56,0.73,0.96,1.25,1.61,2.10,2.73,3.62,4.39,5.81,8.27,10.92,13.05,15.29,18.29,21.21,24.45,28.01,33.20,37.64,42.67,46.88,51.71,56.98,62.30
Peru,0.08,0.12,0.20,0.31,0.48,0.73,1.08,1.57,2.26,3.19,4.43,6.00,7.96,10.35,13.20,16.64,20.84,26.46,30.29,38.49,48.27,56.86,63.26,67.32,71.41,75.12,78.00,81.43,85.16,88.56
Philippines,0.06,0.11,0.19,0.32,0.50,0.79,1.19,1.77,2.58,3.67,5.09,6.82,8.87,11.23,14.19,20.22,24.85,27.00,29.16,33.83,42.36,48.10,53.05,58.36,60.67,63.31,66.99,67.89,69.26,69.61
Poland,1.13,1.72,2.62,3.95,5.87,8.58,12.38,17.53,24.25,32.54,42.06,52.23,62.18,71.15,78.87,85.37,90.67,94.40,97.43,98.74,99.31,99.52,99.56,99.61,99.62,99.62,99.60,99.44,97.69,98.91
Polynesia,0.01,0.01,0.05,0.10,0.18,0.32,0.55,0.88,1.38,2.23,3.36,4.72,6.42,8.67,11.48,15.21,18.69,24.19,30.39,38.12,44.98,50.38,56.96,63.07,70.30,77.53,77.78,85.31,91.24,94.24
Portugal,0.02,0.03,0.05,0.08,0.12,0.21,0.32,0.52,0.78,1.18,1.74,2.52,3.58,5.11,10.63,10.45,11.09,12.56,15.34,20.77,26.28,32.98,39.71,45.57,51.42,61.52,73.19,79.45,85.31,88.46
Puerto Rico,0.02,0.04,0.09,0.18,0.34,0.64,1.11,1.91,3.14,4.99,7.53,10.91,15.18,20.55,27.18,34.86,43.26,52.67,56.94,64.07,71.63,77.11,82.67,85.27,86.93,87.75,89.50,92.61,95.26,96.21
Qatar,0.00,0.00,0.00,0.01,0.01,0.04,0.06,0.12,0.20,0.35,0.59,0.99,1.68,2.81,4.72,7.91,12.86,19.50,27.08,34.51,40.69,46.23,47.95,48.72,48.23,47.51,46.80,47.11,45.31,47.71
Republic of Korea,0.03,0.04,0.08,0.13,0.22,0.38,0.65,1.10,1.82,3.00,4.80,7.52,11.36,16.54,23.12,31.01,39.86,48.24,56.92,66.27,76.03,83.76,90.56,95.58,98.39,99.14,99.34,99.61,98.90,99.85
Republic of Moldova,0.00,0.00,0.00,0.00,0.00,0.00,0.00,0.00,0.00,0.00,0.00,0.00,0.00,0.13,1.98,12.53,33.64,45.96,63.06,80.36,93.30,95.88,96.93,97.27,97.33,97.52,96.37,96.74,97.38,97.71
Reunion,0.00,0.00,0.00,0.00,0.00,0.00,0.02,0.03,0.08,0.18,0.36,0.76,1.51,2.88,5.25,8.95,14.22,20.68,27.78,31.41,38.24,44.31,51.30,56.69,64.26,73.05,77.20,84.10,83.72,86.14
Romania,0.07,0.14,0.26,0.50,0.88,1.51,2.50,4.01,6.26,9.49,13.76,19.11,25.47,32.26,39.54,47.20,55.42,59.23,66.57,76.24,89.78,94.13,95.10,96.35,97.11,96.33,93.84,95.48,94.10,97.50
Russian Federation,0.00,0.00,0.00,0.00,0.00,0.01,0.03,0.08,0.22,0.57,1.37,3.25,7.45,16.03,31.11,51.86,72.31,56.21,74.55,86.64,94.76,97.23,98.23,98.68,98.71,98.49,98.19,98.17,97.83,98.15
Rwanda,0.00,0.00,0.00,0.00,0.00,0.00,0.01,0.01,0.02,0.03,0.05,0.09,0.13,0.22,0.35,0.54,0.84,1.26,1.92,2.73,3.38,3.67,4.10,5.70,8.19,10.31,11.69,15.24,17.28,23.49
Saint Lucia,0.03,0.06,0.09,0.14,0.22,0.33,0.48,0.70,1.02,1.43,1.98,2.69,3.60,4.69,6.00,7.57,9.41,12.34,14.31,17.43,23.28,29.76,35.75,38.66,41.64,49.94,62.07,68.36,71.65,78.13
Saint Vincent and the Grenadines,0.00,0.00,0.00,0.00,0.00,0.00,0.00,0.01,0.02,0.07,0.17,0.39,0.81,1.58,2.88,4.79,7.38,10.55,13.36,17.56,20.79,24.92,30.83,29.47,33.59,39.66,42.54,51.43,58.41,64.02
Samoa,0.00,0.00,0.01,0.02,0.05,0.08,0.15,0.25,0.41,0.65,1.00,1.51,2.24,3.32,4.91,7.18,9.99,13.40,18.70,27.25,33.40,37.50,47.91,55.64,59.71,70.63,63.34,77.32,88.22,94.18
Sao Tome and Principe,0.00,0.00,0.00,0.00,0.00,0.00,0.00,0.00,0.00,0.00,0.00,0.00,0.00,0.00,0.01,0.06,0.24,0.83,2.47,5.06,7.83,14.84,21.64,24.80,22.09,21.11,24.98,22.29,27.88,38.15
Saudi Arabia,0.00,0.00,0.00,0.00,0.00,0.00,0.00,0.01,0.01,0.03,0.10,0.23,0.53,1.16,2.48,4.98,9.33,15.99,24.78,34.51,46.76,52.89,54.17,57.97,60.73,64.62,63.38,75.69,82.64,90.14
Senegal,0.00,0.00,0.00,0.00,0.00,0.00,0.01,0.01,0.03,0.05,0.10,0.17,0.30,0.51,0.87,1.46,2.46,3.96,6.51,9.86,14.38,16.86,17.21,17.47,18.67,18.06,17.39,21.17,25.06,29.66
Serbia,4.14,5.65,7.52,9.74,12.16,14.72,17.49,20.45,23.53,26.75,29.89,32.76,35.35,37.53,41.22,42.62,44.53,52.84,65.71,78.12,88.17,92.43,95.39,97.34,97.81,97.68,97.41,98.17,97.38,97.70
Sierra Leone,0.00,0.00,0.00,0.00,0.01,0.03,0.04,0.05,0.09,0.13,0.20,0.31,0.47,0.72,1.06,1.60,2.38,3.52,5.17,7.46,10.58,18.21,19.44,25.05,25.73,25.12,26.36,34.20,47.23,60.04
Singapore,0.00,0.00,0.00,0.00,0.00,0.01,0.02,0.05,0.12,0.25,0.51,1.02,1.98,3.66,6.57,11.37,18.59,28.32,40.37,50.22,63.68,72.56,75.28,82.07,89.55,95.11,97.43,98.24,98.85,99.12
Slovakia,80.12,83.42,86.28,88.69,90.71,92.40,93.77,94.91,95.82,96.56,97.14,97.59,97.95,98.21,98.42,99.62,99.72,99.66,99.73,99.83,99.86,99.88,99.86,99.84,99.84,99.84,99.83,99.94,99.87,99.99
Slovenia,0.64,0.95,1.40,2.05,2.96,4.21,5.92,8.26,11.39,15.50,20.71,26.95,34.22,42.22,51.05,60.17,69.05,77.23,83.99,88.92,92.36,95.24,95.84,97.87,98.63,98.73,99.23,99.58,99.34,99.80
Solomon Islands,0.00,0.00,0.00,0.00,0.01,0.02,0.03,0.05,0.08,0.13,0.24,0.37,0.61,1.00,1.64,1.95,3.22,5.79,6.54,9.72,14.76,18.97,23.26,28.27,36.82,36.99,41.59,50.49,50.46,49.53
Somalia,0.01,0.01,0.02,0.02,0.04,0.06,0.09,0.13,0.19,0.28,0.42,0.61,0.88,1.26,1.82,2.58,3.69,5.21,7.20,9.72,12.36,15.96,20.29,24.43,26.88,23.54,24.15,19.95,21.14,25.58
South Africa,0.84,1.16,1.59,2.14,2.82,3.65,4.66,5.85,7.26,8.91,10.82,12.97,15.39,18.09,21.10,24.37,28.01,32.68,34.07,36.51,37.43,40.51,48.19,55.71,65.26,73.01,78.47,80.73,84.90,83.82
South America,0.84,0.87,1.05,1.38,1.84,2.30,2.88,3.59,4.39,5.33,6.33,7.40,8.57,9.84,11.51,13.39,15.61,18.38,22.14,27.20,33.52,40.49,46.52,50.40,53.42,57.58,63.04,67.92,72.46,76.65
South Sudan,0.15,0.19,0.24,0.30,0.37,0.45,0.55,0.66,0.80,0.96,1.16,1.39,1.69,2.03,2.45,2.95,3.63,3.81,5.09,5.92,7.11,9.78,12.89,15.82,18.08,19.70,21.42,23.72,23.02,25.71
South-Eastern Asia,0.01,0.04,0.12,0.25,0.46,0.72,0.99,1.10,1.35,1.55,2.21,2.87,3.98,5.06,5.71,7.73,10.27,13.98,19.01,24.41,30.75,36.42,40.77,45.92,51.98,55.62,60.58,64.30,69.36,73.81
Southern Africa,0.84,1.15,1.54,2.04,2.62,3.29,4.08,5.14,6.35,7.87,9.69,11.73,14.08,16.64,19.39,22.31,25.64,29.94,31.33,34.23,35.52,38.70,46.00,53.08,62.63,69.19,73.88,76.97,81.44,80.36
Southern Asia,0.51,1.76,2.00,2.13,2.48,2.42,2.73,3.15,3.82,4.62,5.64,6.67,7.90,9.26,10.84,12.79,15.21,18.18,21.93,25.93,30.50,35.30,38.79,41.78,44.93,48.95,53.20,58.21,61.06,66.56
Southern Europe,2.81,3.12,4.02,4.81,5.66,6.65,7.53,8.44,9.51,10.76,12.77,14.29,16.34,18.11,23.74,25.99,30.21,36.98,45.83,55.28,66.86,76.76,83.13,86.69,88.88,90.59,91.91,93.22,92.27,94.68
Spain,0.01,0.03,0.05,0.09,0.18,0.29,0.51,0.85,1.38,2.20,3.47,5.35,8.03,11.75,26.20,23.80,25.54,30.75,40.50,53.66,64.96,74.03,80.08,83.17,86.27,88.78,90.01,89.47,84.27,88.20
Sri Lanka,7.42,8.21,9.03,9.90,10.75,11.60,12.46,13.34,14.28,15.31,16.44,17.69,19.05,20.50,21.50,23.42,25.72,31.27,38.31,46.12,53.03,55.71,57.65,60.06,65.68,71.94,78.72,81.88,85.42,88.10
Sudan,0.00,0.00,0.00,0.01,0.01,0.03,0.05,0.08,0.14,0.23,0.37,0.57,0.91,1.40,2.11,3.14,3.75,5.52,8.00,11.51,15.04,19.42,26.40,30.66,32.62,35.49,37.60,40.05,39.14,39.88
Suriname,0.17,0.27,0.39,0.56,0.83,1.18,1.67,2.32,3.22,4.44,6.08,8.20,10.85,14.05,17.76,21.88,26.33,28.99,34.50,42.15,46.68,54.30,60.14,62.85,68.52,68.96,67.64,72.66,78.25,80.84
Swaziland,0.00,0.00,0.00,0.00,0.00,0.00,0.00,0.00,0.00,0.01,0.03,0.07,0.16,0.34,0.70,1.43,2.77,5.10,8.75,12.11,20.26,32.02,40.14,43.98,48.70,51.27,50.84,41.87,39.05,48.00
Sweden,0.47,0.64,0.88,1.18,1.55,2.01,2.62,3.44,4.55,6.03,7.97,10.48,13.71,17.95,23.94,31.97,41.67,54.14,61.59,72.30,82.57,93.42,97.59,97.80,98.00,97.86,97.29,98.17,97.98,99.18
Switzerland,56.49,59.13,61.63,63.82,65.67,67.24,68.60,69.87,71.09,72.23,73.37,74.53,75.64,76.93,78.75,81.09,83.75,86.32,86.94,90.47,91.25,91.66,92.30,93.18,94.31,94.42,95.20,96.36,97.32,97.80
Syrian Arab Republic,0.01,0.02,0.03,0.05,0.06,0.11,0.16,0.25,0.38,0.55,0.81,1.20,1.74,2.56,3.73,5.43,7.81,10.98,14.95,21.27,27.67,32.14,36.70,37.11,37.94,39.82,33.54,37.41,41.60,46.52
Taiwan Province of China,0.00,0.00,0.00,0.00,0.00,0.02,0.06,0.12,0.31,0.74,1.66,3.35,6.16,10.16,15.19,20.78,26.42,34.26,33.94,47.07,58.37,69.83,88.70,95.11,97.46,98.39,98.75,99.23,99.61,99.71
Tajikistan,0.00,0.00,0.00,0.00,0.00,0.01,0.02,0.07,0.19,0.51,1.28,3.02,6.54,12.74,22.24,34.77,49.19,63.52,75.81,84.25,91.14,94.54,95.34,95.69,95.75,95.88,95.51,95.89,93.86,95.38
Thailand,0.00,0.01,0.01,0.02,0.07,0.11,0.22,0.39,0.70,1.15,1.79,2.60,3.54,4.61,5.80,7.12,8.74,10.71,13.27,16.69,23.33,27.99,36.12,42.22,47.14,55.34,66.70,75.05,78.16,86.92
The former Yugoslav Republic of Macedonia,0.00,0.00,0.00,0.00,0.00,0.00,0.00,0.00,0.00,0.02,0.06,0.22,0.59,1.57,3.84,8.63,17.31,30.03,45.02,59.31,71.68,81.26,87.30,90.71,92.78,94.23,95.21,95.08,94.87,97.18
Timor-Leste,0.14,0.18,0.22,0.27,0.34,0.40,0.49,0.60,0.71,0.83,0.98,1.14,1.33,1.51,1.69,1.88,2.16,2.28,2.73,3.16,5.06,11.22,17.18,28.61,42.49,47.85,50.71,57.53,64.24,69.63
Togo,0.00,0.01,0.01,0.01,0.02,0.03,0.05,0.07,0.10,0.14,0.20,0.29,0.40,0.55,0.78,1.18,1.86,3.12,8.33,9.76,12.80,20.26,28.14,27.96,23.99,25.72,29.97,34.63,43.60,43.54
Tonga,0.01,0.02,0.05,0.11,0.23,0.44,0.80,1.38,2.31,3.66,5.54,8.01,11.11,14.82,19.13,24.01,29.48,33.99,41.02,47.09,52.46,59.54,62.90,68.65,83.86,87.86,89.55,88.94,91.37,93.42
Trinidad and Tobago,0.04,0.07,0.11,0.18,0.28,0.45,0.71,1.05,1.53,2.27,3.27,4.64,6.41,8.69,11.58,15.26,19.91,25.37,31.42,38.12,44.09,48.53,50.20,60.90,74.48,82.66,84.28,90.96,91.94,96.86
Tunisia,0.00,0.00,0.00,0.00,0.00,0.00,0.00,0.00,0.00,0.00,0.00,0.00,0.00,0.01,0.02,0.13,0.58,4.05,6.59,13.05,25.06,36.10,36.39,39.61,47.96,52.15,57.38,76.22,93.07,94.11
Turkey,0.00,0.00,0.00,0.00,0.00,0.00,0.00,0.00,0.00,0.00,0.01,0.05,0.14,0.42,1.04,2.37,4.83,8.96,15.11,22.85,30.68,40.05,51.06,62.78,71.51,75.48,78.46,82.61,93.62,95.30
Turkmenistan,0.00,0.00,0.00,0.00,0.00,0.00,0.02,0.06,0.23,0.78,2.27,5.67,12.14,22.36,35.77,50.51,66.53,73.72,87.05,93.55,97.17,98.09,98.67,98.92,99.39,98.87,99.23,99.67,99.84,99.93
Uganda,0.00,0.01,0.01,0.03,0.04,0.07,0.12,0.20,0.34,0.54,0.84,1.30,1.95,2.76,3.62,4.46,5.30,4.53,6.19,7.72,10.94,14.32,17.12,18.75,20.56,21.40,25.19,28.87,35.45,35.91
Ukraine,0.00,0.00,0.00,0.00,0.00,0.00,0.00,0.00,0.00,0.00,0.00,0.03,0.17,1.01,4.44,13.80,30.51,41.16,69.33,87.83,95.81,98.45,99.21,99.44,99.47,99.66,99.10,99.37,99.80,99.94
United Arab Emirates,0.02,0.03,0.05,0.09,0.13,0.20,0.32,0.50,0.78,1.17,1.74,2.58,3.81,5.60,8.21,11.87,18.89,20.95,35.74,56.26,63.35,62.82,61.69,60.37,60.22,59.62,69.14,65.47,85.36,86.97
United Kingdom of Great Britain and Northern Ireland,99.00,99.01,99.02,99.03,99.05,99.05,99.05,99.06,99.07,99.08,99.08,99.11,99.12,99.14,99.17,99.22,99.26,99.33,99.39,99.45,99.54,99.60,99.62,99.64,99.63,99.70,99.75,99.90,99.74,99.96
United Republic of Tanzania,0.00,0.00,0.00,0.00,0.00,0.01,0.01,0.01,0.01,0.03,0.04,0.05,0.09,0.14,0.20,1.78,2.23,2.76,3.40,5.55,8.51,12.21,13.37,12.21,12.58,13.22,14.22,19.66,29.23,33.23
United States of America,3.00,4.39,6.21,8.46,11.14,14.23,17.83,21.98,26.76,32.20,38.32,45.05,52.10,59.36,66.82,73.90,80.09,84.50,88.53,91.52,93.57,94.32,94.56,94.67,94.63,94.43,94.61,95.93,96.29,97.54
Uruguay,0.00,0.00,0.00,0.00,0.01,0.02,0.05,0.11,0.23,0.46,0.87,1.56,2.67,4.34,6.81,10.34,15.13,21.10,27.77,35.08,41.59,48.51,52.87,54.00,57.47,60.65,60.07,62.73,65.91,67.79
Vanuatu,0.00,0.00,0.00,0.00,0.00,0.02,0.04,0.06,0.10,0.17,0.29,0.48,0.81,1.33,2.17,3.49,5.52,8.34,11.99,16.46,20.85,25.66,27.89,29.49,32.56,35.86,38.71,40.43,41.87,46.23
Venezuela (Bolivarian Republic of),0.03,0.06,0.11,0.20,0.32,0.53,0.86,1.37,2.12,3.22,4.77,6.83,9.28,11.83,14.46,15.86,19.67,23.76,30.05,37.42,44.49,50.79,55.84,60.80,65.22,68.33,71.97,76.66,81.05,83.89
Viet Nam,0.00,0.00,0.00,0.01,0.02,0.04,0.08,0.16,0.33,0.61,1.11,1.90,3.13,4.97,7.67,11.32,16.54,23.79,33.14,42.80,49.59,53.97,56.60,55.84,52.78,49.87,58.54,58.79,70.16,79.33
Western Africa,0.27,0.33,0.39,0.39,0.32,0.36,0.41,0.48,0.60,0.74,1.02,1.35,1.87,2.59,3.57,4.79,6.43,8.47,11.17,13.13,16.90,21.49,28.09,33.72,36.10,38.00,41.75,45.87,50.47,52.95
Western Asia,0.00,0.02,0.03,0.05,0.07,0.16,0.25,0.35,0.55,0.87,1.40,2.11,3.44,5.29,6.83,11.24,18.88,23.32,30.37,32.64,39.94,48.27,54.99,59.86,62.49,64.13,64.12,68.32,73.24,78.42
Western Europe,17.86,23.90,27.52,30.36,33.39,41.37,46.32,50.45,52.83,55.39,56.62,58.66,59.89,60.64,67.02,64.89,70.20,74.01,80.99,84.70,84.56,88.01,90.56,92.57,93.76,94.04,94.86,95.70,95.81,96.67
World,4.94,6.80,9.18,10.70,11.78,13.56,14.54,14.31,14.15,15.01,16.86,19.04,20.54,21.90,22.67,26.89,31.64,33.92,39.99,44.67,50.09,55.44,60.73,64.36,66.05,67.66,68.55,71.31,73.80,75.67
Yemen,0.00,0.00,0.00,0.00,0.00,0.00,0.00,0.00,0.00,0.00,0.00,0.00,0.00,0.00,0.00,0.00,0.00,0.00,0.01,0.07,0.42,0.79,2.97,7.04,14.47,27.29,34.94,45.70,50.02,69.83
Zambia,10.64,11.97,13.40,14.89,16.42,18.01,19.63,21.31,23.04,24.84,26.69,28.58,30.50,32.41,34.29,36.12,37.92,39.63,41.22,42.70,44.02,44.92,46.21,46.63,48.39,49.69,50.33,49.69,52.21,47.10
Zimbabwe,0.01,0.02,0.04,0.06,0.11,0.17,0.27,0.42,0.63,0.97,1.48,2.21,3.31,4.84,6.96,9.73,13.25,17.43,22.16,27.23,33.02,38.36,46.08,64.64,77.37,76.52,76.15,74.52,74.24,70.51
