country,WBcode,year,atleast_some_sec,atleast_sec_complete,yr_sch
Algeria,DZA,1950,1.3699999999999999,0.61,0.719
Algeria,DZA,1955,1.6400000000000001,0.63,0.708
Algeria,DZA,1960,5.449999999999999,2.03,1.203
Algeria,DZA,1965,9.41,4.2,1.98
Algeria,DZA,1970,15.8,8.540000000000001,3.088
Algeria,DZA,1975,20.099999999999998,11.43,3.782
Algeria,DZA,1980,27.28,15.790000000000001,4.719
Algeria,DZA,1985,38.08,22.46,6.538
Algeria,DZA,1990,43.58,26.28,7.132
Algeria,DZA,1995,45.129999999999995,27.96,7.7
Algeria,DZA,2000,37.25,24.42,7.27
Algeria,DZA,2005,38.78,27.380000000000003,7.549
Algeria,DZA,2010,50.660000000000004,36.82,8.236
Algeria,DZA,2015,65.42,48.9,9.302
Benin,BEN,1950,3.5300000000000002,0.74,0.789
Benin,BEN,1955,3.7600000000000002,0.75,0.86
Benin,BEN,1960,4.05,0.78,0.946
Benin,BEN,1965,4.5600000000000005,0.81,1.077
Benin,BEN,1970,5.41,0.89,1.248
Benin,BEN,1975,6.91,1.02,1.466
Benin,BEN,1980,13.44,3.7,2.256
Benin,BEN,1985,17.13,7.53,2.9
Benin,BEN,1990,17.119999999999997,9.850000000000001,3.212
Benin,BEN,1995,17.49,10.42,3.485
Benin,BEN,2000,24.939999999999998,14.559999999999999,4.193
Benin,BEN,2005,32.92,19.74,5.027
Benin,BEN,2010,42.440000000000005,26.029999999999998,6.346
Benin,BEN,2015,55.510000000000005,33.62,8.107
Botswana,BWA,1950,2.5,0.61,1.584
Botswana,BWA,1955,2.53,0.62,1.644
Botswana,BWA,1960,2.64,0.65,1.768
Botswana,BWA,1965,3.5,0.4,2.414
Botswana,BWA,1970,8.86,1.6,3.281
Botswana,BWA,1975,10.49,2.27,3.539
Botswana,BWA,1980,18.38,4.43,4.664
Botswana,BWA,1985,54.64,17.78,7.4
Botswana,BWA,1990,80.86999999999999,42.379999999999995,9.566
Botswana,BWA,1995,94.59,39.39,10.666
Botswana,BWA,2000,99.19999999999999,37.07,10.734
Botswana,BWA,2005,98.09,34.02,10.611
Botswana,BWA,2010,96.5,31.43,10.553
Botswana,BWA,2015,88.68,35.980000000000004,10.784
Burundi,BDI,1950,1.1600000000000001,0.33999999999999997,0.838
Burundi,BDI,1955,1.4300000000000002,0.49,1.067
Burundi,BDI,1960,1.88,0.7300000000000001,1.297
Burundi,BDI,1965,1.8699999999999999,0.7300000000000001,1.41
Burundi,BDI,1970,3.0100000000000002,1.26,1.805
Burundi,BDI,1975,3.41,1.4300000000000002,1.993
Burundi,BDI,1980,3.51,1.5899999999999999,2.068
Burundi,BDI,1985,3.9200000000000004,1.78,1.923
Burundi,BDI,1990,5.26,2.3,2.363
Burundi,BDI,1995,7.1,3.1799999999999997,3.279
Burundi,BDI,2000,7.95,3.59,3.652
Burundi,BDI,2005,10.209999999999999,4.74,3.712
Burundi,BDI,2010,15.82,7.61,4.446
Burundi,BDI,2015,22.54,11.69,5.73
Cameroon,CMR,1950,5.19,1.35,1.079
Cameroon,CMR,1955,6.53,1.94,1.452
Cameroon,CMR,1960,6.92,2.08,1.636
Cameroon,CMR,1965,10.69,3.59,2.45
Cameroon,CMR,1970,11.790000000000001,3.92,3.005
Cameroon,CMR,1975,18.0,6.42,4.342
Cameroon,CMR,1980,22.44,8.57,5.035
Cameroon,CMR,1985,26.11,10.57,5.532
Cameroon,CMR,1990,29.65,12.8,6.124
Cameroon,CMR,1995,32.68,14.77,6.566
Cameroon,CMR,2000,33.65,15.74,6.556
Cameroon,CMR,2005,33.53,16.75,6.244
Cameroon,CMR,2010,37.339999999999996,19.15,6.405
Cameroon,CMR,2015,46.49,25.700000000000003,7.797
Central African Republic,CAF,1950,3.1599999999999997,0.78,0.526
Central African Republic,CAF,1955,3.6,0.98,0.613
Central African Republic,CAF,1960,3.95,1.08,0.721
Central African Republic,CAF,1965,5.66,1.77,0.913
Central African Republic,CAF,1970,6.9,2.09,1.403
Central African Republic,CAF,1975,9.67,3.24,2.046
Central African Republic,CAF,1980,15.75,6.25,3.029
Central African Republic,CAF,1985,17.34,7.390000000000001,3.288
Central African Republic,CAF,1990,20.48,9.02,3.898
Central African Republic,CAF,1995,20.19,9.1,4.138
Central African Republic,CAF,2000,20.25,9.620000000000001,4.119
Central African Republic,CAF,2005,20.39,9.850000000000001,4.059
Central African Republic,CAF,2010,21.47,10.780000000000001,4.073
Central African Republic,CAF,2015,22.09,11.32,4.045
Congo,COG,1950,8.299999999999999,0.62,1.648
Congo,COG,1955,10.049999999999999,1.01,2.19
Congo,COG,1960,10.88,1.1199999999999999,2.379
Congo,COG,1965,18.18,3.19,3.408
Congo,COG,1970,22.13,3.41,4.057
Congo,COG,1975,49.01,11.41,6.898
Congo,COG,1980,56.96,11.91,7.425
Congo,COG,1985,67.77,12.21,8.027
Congo,COG,1990,63.36,9.0,7.118
Congo,COG,1995,53.69,7.0600000000000005,6.563
Congo,COG,2000,43.28,3.69,6.008
Congo,COG,2005,44.980000000000004,2.7,5.98
Congo,COG,2010,53.080000000000005,2.4899999999999998,6.338
Congo,COG,2015,54.58,5.41,6.658
Egypt,EGY,1950,3.1399999999999997,1.69,0.586
Egypt,EGY,1955,4.49,2.76,0.939
Egypt,EGY,1960,4.07,2.69,1.11
Egypt,EGY,1965,6.8100000000000005,4.32,1.686
Egypt,EGY,1970,7.31,4.52,1.939
Egypt,EGY,1975,13.56,6.27,2.594
Egypt,EGY,1980,26.56,12.34,3.882
Egypt,EGY,1985,44.37,27.46,5.703
Egypt,EGY,1990,55.49,33.41,6.696
Egypt,EGY,1995,63.03,39.03,7.592
Egypt,EGY,2000,69.08,44.37,8.417
Egypt,EGY,2005,74.63,50.989999999999995,8.35
Egypt,EGY,2010,70.94,48.65,7.858
Egypt,EGY,2015,73.46000000000001,48.45,8.504
Gabon,GAB,1950,1.51,0.56,0.618
Gabon,GAB,1955,13.350000000000001,5.0,2.052
Gabon,GAB,1960,15.83,6.029999999999999,2.618
Gabon,GAB,1965,22.38,9.149999999999999,3.933
Gabon,GAB,1970,22.310000000000002,9.23,4.461
Gabon,GAB,1975,35.29,17.11,5.959
Gabon,GAB,1980,34.38,17.53,5.826
Gabon,GAB,1985,43.650000000000006,23.34,6.907
Gabon,GAB,1990,47.39,24.72,7.358
Gabon,GAB,1995,51.239999999999995,27.54,8.337
Gabon,GAB,2000,53.47,28.03,8.708
Gabon,GAB,2005,62.42,31.560000000000002,9.152
Gabon,GAB,2010,75.53,38.879999999999995,9.912
Gabon,GAB,2015,83.78,46.400000000000006,10.093
Gambia,GMB,1950,4.99,0.88,0.542
Gambia,GMB,1955,5.44,1.09,0.593
Gambia,GMB,1960,5.92,1.17,0.657
Gambia,GMB,1965,7.58,1.37,0.822
Gambia,GMB,1970,8.319999999999999,1.46,0.908
Gambia,GMB,1975,11.200000000000001,1.87,1.381
Gambia,GMB,1980,12.95,2.4,1.645
Gambia,GMB,1985,16.34,2.96,2.01
Gambia,GMB,1990,19.46,3.38,3.006
Gambia,GMB,1995,28.14,4.16,3.723
Gambia,GMB,2000,34.48,4.27,4.132
Gambia,GMB,2005,43.559999999999995,4.4,5.152
Gambia,GMB,2010,53.120000000000005,4.859999999999999,5.696
Gambia,GMB,2015,55.26,5.51,5.524
Ghana,GHA,1950,2.13,0.95,0.8
Ghana,GHA,1955,3.94,1.18,1.068
Ghana,GHA,1960,3.5,1.06,1.759
Ghana,GHA,1965,29.21,4.83,3.39
Ghana,GHA,1970,51.39,8.51,5.897
Ghana,GHA,1975,56.99,10.17,7.207
Ghana,GHA,1980,60.68,11.87,7.687
Ghana,GHA,1985,60.04,12.899999999999999,7.721
Ghana,GHA,1990,55.93,12.639999999999999,7.148
Ghana,GHA,1995,47.51,13.420000000000002,6.389
Ghana,GHA,2000,50.129999999999995,12.27,6.706
Ghana,GHA,2005,67.89,21.82,8.112
Ghana,GHA,2010,71.69,30.76,8.375
Ghana,GHA,2015,78.16,35.04,9.102
Cote dIvoire,CIV,1950,7.8500000000000005,1.29,1.596
Cote dIvoire,CIV,1955,8.04,1.42,1.675
Cote dIvoire,CIV,1960,9.0,1.8699999999999999,1.837
Cote dIvoire,CIV,1965,9.82,2.16,1.998
Cote dIvoire,CIV,1970,13.41,2.76,2.417
Cote dIvoire,CIV,1975,22.790000000000003,4.43,3.24
Cote dIvoire,CIV,1980,25.62,4.87,3.61
Cote dIvoire,CIV,1985,26.39,5.04,3.773
Cote dIvoire,CIV,1990,27.86,4.96,4.005
Cote dIvoire,CIV,1995,26.8,8.06,4.838
Cote dIvoire,CIV,2000,24.72,9.129999999999999,4.979
Cote dIvoire,CIV,2005,24.56,10.82,5.208
Cote dIvoire,CIV,2010,24.35,12.959999999999999,5.479
Cote dIvoire,CIV,2015,23.92,15.56,5.56
Kenya,KEN,1950,2.31,0.41000000000000003,1.713
Kenya,KEN,1955,2.51,0.43000000000000005,1.834
Kenya,KEN,1960,3.2800000000000002,0.38,2.201
Kenya,KEN,1965,4.890000000000001,0.53,2.587
Kenya,KEN,1970,8.56,0.48,3.513
Kenya,KEN,1975,13.37,1.57,3.967
Kenya,KEN,1980,18.490000000000002,2.2399999999999998,4.93
Kenya,KEN,1985,21.28,3.38,5.781
Kenya,KEN,1990,24.41,4.75,6.496
Kenya,KEN,1995,28.099999999999998,6.779999999999999,6.361
Kenya,KEN,2000,31.71,9.58,6.262
Kenya,KEN,2005,37.21,14.400000000000002,6.836
Kenya,KEN,2010,28.439999999999998,15.419999999999998,6.046
Kenya,KEN,2015,34.31,17.36,6.398
Lesotho,LSO,1950,1.08,0.94,3.219
Lesotho,LSO,1955,1.32,1.1500000000000001,3.499
Lesotho,LSO,1960,1.36,1.1600000000000001,3.601
Lesotho,LSO,1965,1.38,1.14,3.942
Lesotho,LSO,1970,5.75,4.82,4.256
Lesotho,LSO,1975,11.14,9.280000000000001,4.787
Lesotho,LSO,1980,16.14,13.450000000000001,5.386
Lesotho,LSO,1985,21.42,18.490000000000002,5.529
Lesotho,LSO,1990,26.060000000000002,22.02,5.814
Lesotho,LSO,1995,33.19,27.62,6.415
Lesotho,LSO,2000,38.38,31.849999999999998,6.903
Lesotho,LSO,2005,46.97,46.68,7.963
Lesotho,LSO,2010,24.93,14.219999999999999,6.16
Lesotho,LSO,2015,37.09,22.38,7.282
Liberia,LBR,1950,1.63,0.98,0.593
Liberia,LBR,1955,2.0,1.0899999999999999,0.702
Liberia,LBR,1960,2.8,1.44,1.007
Liberia,LBR,1965,5.59,2.64,1.234
Liberia,LBR,1970,8.92,3.7800000000000002,1.425
Liberia,LBR,1975,17.72,6.66,2.493
Liberia,LBR,1980,23.1,7.87,3.329
Liberia,LBR,1985,24.09,7.99,3.793
Liberia,LBR,1990,20.29,7.290000000000001,3.716
Liberia,LBR,1995,17.009999999999998,6.710000000000001,3.072
Liberia,LBR,2000,20.84,9.940000000000001,3.547
Liberia,LBR,2005,22.03,10.64,3.97
Liberia,LBR,2010,18.560000000000002,8.190000000000001,4.378
Liberia,LBR,2015,24.470000000000002,7.9,5.02
Malawi,MWI,1950,0.63,0.22000000000000003,1.291
Malawi,MWI,1955,0.89,0.32,1.442
Malawi,MWI,1960,0.9600000000000001,0.33999999999999997,1.447
Malawi,MWI,1965,1.7,0.52,1.803
Malawi,MWI,1970,3.49,1.22,2.284
Malawi,MWI,1975,4.14,1.59,2.713
Malawi,MWI,1980,5.37,1.9,3.653
Malawi,MWI,1985,4.96,1.33,3.999
Malawi,MWI,1990,5.69,2.01,3.903
Malawi,MWI,1995,7.220000000000001,3.28,3.766
Malawi,MWI,2000,9.8,4.8100000000000005,4.315
Malawi,MWI,2005,21.87,9.87,6.172
Malawi,MWI,2010,19.81,7.11,5.522
Malawi,MWI,2015,24.38,7.71,5.499
Mali,MLI,1950,0.22,0.13,0.263
Mali,MLI,1955,0.31,0.2,0.307
Mali,MLI,1960,0.32999999999999996,0.21,0.325
Mali,MLI,1965,0.75,0.43,0.438
Mali,MLI,1970,0.74,0.44999999999999996,0.501
Mali,MLI,1975,2.1,0.97,0.838
Mali,MLI,1980,3.64,1.39,1.067
Mali,MLI,1985,3.9,1.8199999999999998,1.223
Mali,MLI,1990,3.37,1.35,1.202
Mali,MLI,1995,4.03,1.55,1.233
Mali,MLI,2000,7.64,2.3,1.565
Mali,MLI,2005,15.89,5.15,2.595
Mali,MLI,2010,21.540000000000003,5.68,2.884
Mali,MLI,2015,33.99,8.370000000000001,4.224
Mauritania,MRT,1950,1.63,0.5800000000000001,1.452
Mauritania,MRT,1955,1.68,0.6000000000000001,1.477
Mauritania,MRT,1960,2.19,0.8900000000000001,1.554
Mauritania,MRT,1965,2.42,0.95,1.646
Mauritania,MRT,1970,4.21,1.93,1.927
Mauritania,MRT,1975,5.0600000000000005,2.11,2.089
Mauritania,MRT,1980,9.870000000000001,4.1899999999999995,2.788
Mauritania,MRT,1985,11.15,4.6899999999999995,3.327
Mauritania,MRT,1990,15.020000000000001,6.779999999999999,3.793
Mauritania,MRT,1995,16.009999999999998,8.14,4.005
Mauritania,MRT,2000,17.88,9.5,4.597
Mauritania,MRT,2005,20.39,10.239999999999998,5.45
Mauritania,MRT,2010,22.05,11.08,6.122
Mauritania,MRT,2015,20.69,11.74,6.559
Mauritius,MUS,1950,10.350000000000001,7.13,2.753
Mauritius,MUS,1955,16.72,11.51,3.653
Mauritius,MUS,1960,28.05,19.150000000000002,5.037
Mauritius,MUS,1965,33.23,22.85,5.914
Mauritius,MUS,1970,37.64,25.41,6.69
Mauritius,MUS,1975,42.010000000000005,28.52,6.897
Mauritius,MUS,1980,46.47,33.160000000000004,7.157
Mauritius,MUS,1985,55.029999999999994,39.41,8.045
Mauritius,MUS,1990,61.34,47.11000000000001,8.65
Mauritius,MUS,1995,60.620000000000005,38.64,8.469
Mauritius,MUS,2000,65.4,28.92,8.334
Mauritius,MUS,2005,79.45,50.69,10.106
Mauritius,MUS,2010,91.61999999999999,74.58,11.6
Mauritius,MUS,2015,91.86,73.69,11.648
Morocco,MAR,1950,2.94,1.43,0.372
Morocco,MAR,1955,4.55,1.7999999999999998,0.536
Morocco,MAR,1960,6.1,3.09,0.786
Morocco,MAR,1965,10.4,4.14,1.205
Morocco,MAR,1970,13.9,6.32,1.872
Morocco,MAR,1975,14.19,6.68,2.206
Morocco,MAR,1980,18.96,9.68,2.822
Morocco,MAR,1985,24.09,12.74,3.55
Morocco,MAR,1990,28.17,15.29,4.309
Morocco,MAR,1995,32.32,17.57,4.854
Morocco,MAR,2000,34.42,18.53,4.99
Morocco,MAR,2005,38.18,20.79,5.59
Morocco,MAR,2010,48.04,26.53,6.872
Morocco,MAR,2015,57.910000000000004,37.22,8.543
Mozambique,MOZ,1950,1.8800000000000001,0.5800000000000001,1.114
Mozambique,MOZ,1955,1.85,0.5800000000000001,1.206
Mozambique,MOZ,1960,1.81,0.5800000000000001,1.349
Mozambique,MOZ,1965,1.81,0.5900000000000001,1.551
Mozambique,MOZ,1970,1.81,0.6,1.295
Mozambique,MOZ,1975,1.97,0.6000000000000001,1.212
Mozambique,MOZ,1980,3.28,1.24,1.852
Mozambique,MOZ,1985,2.95,1.2999999999999998,1.879
Mozambique,MOZ,1990,2.45,1.24,1.309
Mozambique,MOZ,1995,1.74,0.88,1.166
Mozambique,MOZ,2000,3.92,2.02,1.394
Mozambique,MOZ,2005,6.43,2.86,1.58
Mozambique,MOZ,2010,14.33,6.36,3.076
Mozambique,MOZ,2015,23.27,12.54,5.498
Niger,NER,1950,0.62,0.27,0.326
Niger,NER,1955,0.6699999999999999,0.32,0.328
Niger,NER,1960,0.8899999999999999,0.38,0.343
Niger,NER,1965,1.35,0.55,0.387
Niger,NER,1970,1.3699999999999999,0.55,0.489
Niger,NER,1975,2.3499999999999996,0.96,0.681
Niger,NER,1980,3.9000000000000004,1.5599999999999998,0.975
Niger,NER,1985,5.57,2.35,1.307
Niger,NER,1990,6.529999999999999,2.9,1.627
Niger,NER,1995,6.62,3.1500000000000004,1.827
Niger,NER,2000,6.38,3.0999999999999996,1.847
Niger,NER,2005,7.7700000000000005,3.6100000000000003,1.998
Niger,NER,2010,10.76,5.08,2.588
Niger,NER,2015,13.02,6.51,3.459
Rwanda,RWA,1950,2.5799999999999996,0.6799999999999999,0.508
Rwanda,RWA,1955,2.63,0.7,0.72
Rwanda,RWA,1960,3.9000000000000004,1.2,1.529
Rwanda,RWA,1965,3.9000000000000004,1.21,1.642
Rwanda,RWA,1970,4.77,1.67,2.065
Rwanda,RWA,1975,4.78,1.72,2.325
Rwanda,RWA,1980,5.159999999999999,1.96,2.468
Rwanda,RWA,1985,5.18,2.1,2.48
Rwanda,RWA,1990,7.92,3.02,2.895
Rwanda,RWA,1995,10.37,4.45,4.0
Rwanda,RWA,2000,11.89,5.25,4.922
Rwanda,RWA,2005,15.809999999999999,7.2,5.381
Rwanda,RWA,2010,23.84,11.350000000000001,5.728
Rwanda,RWA,2015,36.15,18.13,6.658
Senegal,SEN,1950,3.23,0.43000000000000005,1.998
Senegal,SEN,1955,3.79,0.77,1.889
Senegal,SEN,1960,4.56,1.04,2.028
Senegal,SEN,1965,6.92,1.8199999999999998,2.159
Senegal,SEN,1970,9.74,2.73,2.646
Senegal,SEN,1975,11.83,4.04,3.119
Senegal,SEN,1980,11.35,3.96,2.99
Senegal,SEN,1985,10.91,4.0,2.668
Senegal,SEN,1990,10.57,4.02,2.558
Senegal,SEN,1995,9.9,4.46,2.465
Senegal,SEN,2000,6.680000000000001,3.2700000000000005,1.988
Senegal,SEN,2005,5.430000000000001,2.4299999999999997,1.678
Senegal,SEN,2010,16.74,3.9299999999999997,3.874
Senegal,SEN,2015,27.46,6.04,4.987
Sierra Leone,SLE,1950,1.64,0.75,0.406
Sierra Leone,SLE,1955,2.29,0.98,0.511
Sierra Leone,SLE,1960,2.37,1.02,0.584
Sierra Leone,SLE,1965,4.2,1.3,0.987
Sierra Leone,SLE,1970,6.79,2.01,1.427
Sierra Leone,SLE,1975,9.209999999999999,2.56,1.918
Sierra Leone,SLE,1980,11.479999999999999,3.02,2.316
Sierra Leone,SLE,1985,14.71,4.109999999999999,2.795
Sierra Leone,SLE,1990,16.009999999999998,4.44,3.179
Sierra Leone,SLE,1995,15.07,4.18,3.523
Sierra Leone,SLE,2000,19.59,5.16,3.798
Sierra Leone,SLE,2005,29.12,7.62,4.283
Sierra Leone,SLE,2010,50.589999999999996,15.01,6.109
Sierra Leone,SLE,2015,37.489999999999995,10.25,5.602
South Africa,ZAF,1950,27.88,6.369999999999999,4.71
South Africa,ZAF,1955,27.83,6.3999999999999995,4.728
South Africa,ZAF,1960,29.43,6.869999999999999,4.891
South Africa,ZAF,1965,29.439999999999998,7.3999999999999995,4.845
South Africa,ZAF,1970,31.209999999999997,8.43,4.978
South Africa,ZAF,1975,29.59,7.28,5.179
South Africa,ZAF,1980,32.39,8.61,5.682
South Africa,ZAF,1985,33.71,2.59,5.674
South Africa,ZAF,1990,49.21,14.89,7.473
South Africa,ZAF,1995,59.93,32.41,8.635
South Africa,ZAF,2000,74.14,22.96,8.724
South Africa,ZAF,2005,81.83999999999999,35.34,9.624
South Africa,ZAF,2010,85.73,56.76,10.232
South Africa,ZAF,2015,87.36000000000001,44.76,9.891
Sudan,SDN,1950,1.24,0.9099999999999999,0.524
Sudan,SDN,1955,1.71,1.24,0.643
Sudan,SDN,1960,1.73,1.25,0.676
Sudan,SDN,1965,2.44,1.6400000000000001,0.843
Sudan,SDN,1970,2.5,1.6800000000000002,1.05
Sudan,SDN,1975,6.08,3.04,1.55
Sudan,SDN,1980,7.26,2.92,2.232
Sudan,SDN,1985,12.18,3.7,3.288
Sudan,SDN,1990,15.0,3.82,3.637
Sudan,SDN,1995,15.430000000000001,3.8600000000000003,3.72
Sudan,SDN,2000,12.87,3.95,3.707
Sudan,SDN,2005,10.17,4.43,3.601
Sudan,SDN,2010,7.62,5.2,3.508
Sudan,SDN,2015,36.75,13.67,5.137
Swaziland,SWZ,1950,4.13,1.64,1.663
Swaziland,SWZ,1955,5.49,1.68,2.143
Swaziland,SWZ,1960,6.2,1.8,2.349
Swaziland,SWZ,1965,7.75,1.53,2.914
Swaziland,SWZ,1970,17.93,3.99,4.134
Swaziland,SWZ,1975,30.56,7.470000000000001,5.348
Swaziland,SWZ,1980,36.53,10.23,5.897
Swaziland,SWZ,1985,43.260000000000005,12.65,6.565
Swaziland,SWZ,1990,39.0,10.860000000000001,6.299
Swaziland,SWZ,1995,41.65,10.16,6.259
Swaziland,SWZ,2000,30.05,7.38,5.326
Swaziland,SWZ,2005,34.44,9.72,6.16
Swaziland,SWZ,2010,39.120000000000005,10.93,6.273
Swaziland,SWZ,2015,48.739999999999995,13.09,6.873
United Republic of Tanzania,TZA,1950,0.6900000000000001,0.22999999999999998,0.956
United Republic of Tanzania,TZA,1955,0.72,0.25,1.068
United Republic of Tanzania,TZA,1960,0.86,0.37,2.061
United Republic of Tanzania,TZA,1965,0.85,0.37,2.207
United Republic of Tanzania,TZA,1970,2.81,0.78,3.232
United Republic of Tanzania,TZA,1975,2.71,0.75,3.322
United Republic of Tanzania,TZA,1980,3.42,0.9199999999999999,4.693
United Republic of Tanzania,TZA,1985,3.42,0.9199999999999999,4.581
United Republic of Tanzania,TZA,1990,3.46,0.94,4.952
United Republic of Tanzania,TZA,1995,3.9299999999999997,1.09,4.871
United Republic of Tanzania,TZA,2000,4.65,0.8200000000000001,5.038
United Republic of Tanzania,TZA,2005,9.76,1.55,5.665
United Republic of Tanzania,TZA,2010,22.11,3.8499999999999996,6.957
United Republic of Tanzania,TZA,2015,34.7,8.83,7.883
Togo,TGO,1950,0.5,0.28,0.555
Togo,TGO,1955,0.5,0.28,0.623
Togo,TGO,1960,0.88,0.3,0.828
Togo,TGO,1965,1.48,0.38,1.005
Togo,TGO,1970,3.4899999999999998,0.62,1.62
Togo,TGO,1975,20.48,5.18,3.379
Togo,TGO,1980,30.24,8.27,4.406
Togo,TGO,1985,32.27,11.52,5.515
Togo,TGO,1990,29.73,11.95,6.066
Togo,TGO,1995,30.11,13.860000000000001,5.849
Togo,TGO,2000,34.849999999999994,17.419999999999998,6.154
Togo,TGO,2005,44.89,19.16,6.783
Togo,TGO,2010,61.56,20.34,8.185
Togo,TGO,2015,68.13,27.130000000000003,9.02
Tunisia,TUN,1950,6.739999999999999,2.45,1.04
Tunisia,TUN,1955,8.35,3.2399999999999998,1.368
Tunisia,TUN,1960,9.39,3.38,1.596
Tunisia,TUN,1965,16.27,6.69,2.764
Tunisia,TUN,1970,19.2,7.8500000000000005,3.397
Tunisia,TUN,1975,23.6,10.4,4.581
Tunisia,TUN,1980,27.32,11.350000000000001,5.291
Tunisia,TUN,1985,33.14,13.139999999999999,5.543
Tunisia,TUN,1990,40.089999999999996,16.12,6.313
Tunisia,TUN,1995,47.9,18.32,7.147
Tunisia,TUN,2000,57.07,23.520000000000003,8.083
Tunisia,TUN,2005,70.52,30.53,9.141
Tunisia,TUN,2010,81.32000000000001,33.19,9.858
Tunisia,TUN,2015,87.35,34.07,10.232
Uganda,UGA,1950,3.68,0.8200000000000001,1.086
Uganda,UGA,1955,4.489999999999999,0.9500000000000001,1.222
Uganda,UGA,1960,4.5,1.3,1.354
Uganda,UGA,1965,4.84,0.72,1.728
Uganda,UGA,1970,7.46,0.38,2.368
Uganda,UGA,1975,8.309999999999999,0.66,2.821
Uganda,UGA,1980,10.32,1.02,3.17
Uganda,UGA,1985,13.860000000000001,1.46,4.041
Uganda,UGA,1990,16.64,1.7,4.812
Uganda,UGA,1995,11.899999999999999,4.04,4.969
Uganda,UGA,2000,10.92,3.8,5.107
Uganda,UGA,2005,18.89,6.119999999999999,5.735
Uganda,UGA,2010,25.55,4.18,6.113
Uganda,UGA,2015,30.029999999999998,5.07,6.623
Democratic Republic of the Congo,COD,1950,1.7,0.5,1.094
Democratic Republic of the Congo,COD,1955,2.42,0.74,1.177
Democratic Republic of the Congo,COD,1960,3.1799999999999997,1.03,1.377
Democratic Republic of the Congo,COD,1965,4.42,1.4600000000000002,1.63
Democratic Republic of the Congo,COD,1970,6.6899999999999995,2.39,1.99
Democratic Republic of the Congo,COD,1975,10.93,4.0600000000000005,2.539
Democratic Republic of the Congo,COD,1980,20.64,7.41,3.443
Democratic Republic of the Congo,COD,1985,37.35,14.21,4.669
Democratic Republic of the Congo,COD,1990,36.78,16.38,4.794
Democratic Republic of the Congo,COD,1995,26.54,11.99,4.114
Democratic Republic of the Congo,COD,2000,23.96,10.89,3.782
Democratic Republic of the Congo,COD,2005,25.02,12.65,4.27
Democratic Republic of the Congo,COD,2010,28.65,15.14,4.529
Democratic Republic of the Congo,COD,2015,36.67,18.869999999999997,5.391
Zambia,ZMB,1950,0.72,0.45,2.59
Zambia,ZMB,1955,0.72,0.45,2.629
Zambia,ZMB,1960,1.62,0.9,3.122
Zambia,ZMB,1965,2.59,1.12,3.386
Zambia,ZMB,1970,6.2700000000000005,0.33999999999999997,4.073
Zambia,ZMB,1975,16.11,3.8600000000000003,4.934
Zambia,ZMB,1980,21.5,5.96,5.514
Zambia,ZMB,1985,26.16,10.07,5.562
Zambia,ZMB,1990,24.73,9.5,5.254
Zambia,ZMB,1995,29.18,8.26,6.438
Zambia,ZMB,2000,31.88,8.469999999999999,6.559
Zambia,ZMB,2005,32.14,7.94,6.524
Zambia,ZMB,2010,65.37,14.35,8.07
Zambia,ZMB,2015,90.81,22.85,9.322
Zimbabwe,ZWE,1950,12.55,5.81,2.705
Zimbabwe,ZWE,1955,13.75,6.31,3.087
Zimbabwe,ZWE,1960,15.03,5.8500000000000005,3.482
Zimbabwe,ZWE,1965,14.82,5.93,3.617
Zimbabwe,ZWE,1970,18.88,6.7700000000000005,4.421
Zimbabwe,ZWE,1975,19.66,7.28,4.373
Zimbabwe,ZWE,1980,29.67,17.439999999999998,4.972
Zimbabwe,ZWE,1985,40.870000000000005,21.380000000000003,5.738
Zimbabwe,ZWE,1990,59.25,36.05,7.584
Zimbabwe,ZWE,1995,65.8,23.3,8.56
Zimbabwe,ZWE,2000,68.63,4.9,8.741
Zimbabwe,ZWE,2005,61.52,4.32,8.438
Zimbabwe,ZWE,2010,56.07,3.42,8.198
Zimbabwe,ZWE,2015,50.14,6.05,8.097
Barbados,BRB,1950,16.22,4.42,4.856
Barbados,BRB,1955,17.06,4.6,4.942
Barbados,BRB,1960,21.669999999999998,5.2299999999999995,5.264
Barbados,BRB,1965,66.94,15.64,7.834
Barbados,BRB,1970,94.66,19.08,9.319
Barbados,BRB,1975,83.18,18.299999999999997,8.798
Barbados,BRB,1980,94.0,23.05,9.425
Barbados,BRB,1985,93.80999999999999,23.33,9.514
Barbados,BRB,1990,93.61,21.81,9.422
Barbados,BRB,1995,92.92999999999999,20.7,9.341
Barbados,BRB,2000,96.72999999999999,17.64,9.426
Barbados,BRB,2005,99.8,22.45,9.886
Barbados,BRB,2010,98.78,27.96,10.081
Barbados,BRB,2015,96.68,44.65,10.599
Canada,CAN,1950,58.44,24.0,8.197
Canada,CAN,1955,62.76,26.909999999999997,8.541
Canada,CAN,1960,70.19,32.03,9.144
Canada,CAN,1965,75.36,35.16,9.578
Canada,CAN,1970,85.9,42.95,10.378
Canada,CAN,1975,92.78,46.56999999999999,10.873
Canada,CAN,1980,94.45,46.36,10.88
Canada,CAN,1985,95.2,40.01,10.368
Canada,CAN,1990,96.22,43.64,10.599
Canada,CAN,1995,96.17,51.980000000000004,10.999
Canada,CAN,2000,97.39999999999999,47.2,10.831
Canada,CAN,2005,98.63,59.99,11.193
Canada,CAN,2010,97.53,63.4,11.301
Canada,CAN,2015,97.83000000000001,65.24000000000001,11.44
Costa Rica,CRI,1950,8.45,3.3099999999999996,3.75
Costa Rica,CRI,1955,12.51,5.04,4.283
Costa Rica,CRI,1960,14.74,5.83,4.393
Costa Rica,CRI,1965,18.96,7.15,4.883
Costa Rica,CRI,1970,18.98,7.4,4.651
Costa Rica,CRI,1975,34.03,15.36,6.341
Costa Rica,CRI,1980,43.760000000000005,22.97,7.423
Costa Rica,CRI,1985,48.31,26.240000000000002,7.926
Costa Rica,CRI,1990,47.6,27.71,7.984
Costa Rica,CRI,1995,49.650000000000006,29.67,8.041
Costa Rica,CRI,2000,56.73,30.189999999999998,8.304
Costa Rica,CRI,2005,68.21,33.019999999999996,8.64
Costa Rica,CRI,2010,59.93,37.879999999999995,8.561
Costa Rica,CRI,2015,75.04,39.03,9.396
Dominican Rep.,DOM,1950,3.88,1.1600000000000001,2.733
Dominican Rep.,DOM,1955,3.88,1.2,2.872
Dominican Rep.,DOM,1960,4.78,1.52,3.433
Dominican Rep.,DOM,1965,15.67,4.01,3.975
Dominican Rep.,DOM,1970,26.22,7.84,4.654
Dominican Rep.,DOM,1975,34.86,10.16,5.454
Dominican Rep.,DOM,1980,43.0,14.54,6.314
Dominican Rep.,DOM,1985,48.57,18.6,6.975
Dominican Rep.,DOM,1990,54.53,24.0,7.416
Dominican Rep.,DOM,1995,53.23,25.53,7.514
Dominican Rep.,DOM,2000,53.84,27.82,7.705
Dominican Rep.,DOM,2005,63.86,36.06,8.526
Dominican Rep.,DOM,2010,79.36,35.300000000000004,8.65
Dominican Rep.,DOM,2015,81.22,51.72,9.598
El Salvador,SLV,1950,4.49,1.66,1.752
El Salvador,SLV,1955,5.71,2.03,1.912
El Salvador,SLV,1960,9.69,3.16,2.565
El Salvador,SLV,1965,12.309999999999999,4.54,3.175
El Salvador,SLV,1970,15.969999999999999,6.12,3.815
El Salvador,SLV,1975,17.5,9.049999999999999,4.376
El Salvador,SLV,1980,19.4,9.39,4.6
El Salvador,SLV,1985,20.14,14.049999999999999,6.199
El Salvador,SLV,1990,22.22,10.71,6.847
El Salvador,SLV,1995,33.32,17.23,7.031
El Salvador,SLV,2000,47.0,23.61,8.392
El Salvador,SLV,2005,52.37,23.509999999999998,9.166
El Salvador,SLV,2010,51.27,30.900000000000002,7.953
El Salvador,SLV,2015,51.959999999999994,28.85,7.642
Guatemala,GTM,1950,3.1100000000000003,1.52,1.365
Guatemala,GTM,1955,4.1899999999999995,2.1799999999999997,1.55
Guatemala,GTM,1960,5.3500000000000005,2.05,1.702
Guatemala,GTM,1965,6.220000000000001,2.11,1.863
Guatemala,GTM,1970,8.870000000000001,4.21,2.379
Guatemala,GTM,1975,11.79,5.3100000000000005,2.881
Guatemala,GTM,1980,17.7,8.48,3.807
Guatemala,GTM,1985,17.61,8.469999999999999,4.01
Guatemala,GTM,1990,20.42,10.03,4.389
Guatemala,GTM,1995,20.54,11.15,4.512
Guatemala,GTM,2000,23.360000000000003,14.08,4.841
Guatemala,GTM,2005,22.51,9.97,4.92
Guatemala,GTM,2010,35.11,15.39,6.264
Guatemala,GTM,2015,42.599999999999994,22.41,7.054
Haiti,HTI,1950,2.9299999999999997,1.1800000000000002,0.728
Haiti,HTI,1955,3.87,1.6199999999999999,0.875
Haiti,HTI,1960,5.27,2.3600000000000003,1.163
Haiti,HTI,1965,6.180000000000001,2.81,1.368
Haiti,HTI,1970,8.82,4.140000000000001,1.77
Haiti,HTI,1975,11.38,5.92,2.188
Haiti,HTI,1980,17.03,9.229999999999999,3.057
Haiti,HTI,1985,24.12,13.91,4.39
Haiti,HTI,1990,28.169999999999998,17.119999999999997,4.845
Haiti,HTI,1995,30.54,19.23,5.169
Haiti,HTI,2000,31.700000000000003,20.82,5.172
Haiti,HTI,2005,32.88999999999999,22.65,5.502
Haiti,HTI,2010,29.69,21.42,5.604
Haiti,HTI,2015,24.29,17.24,5.388
Honduras,HND,1950,4.720000000000001,2.4400000000000004,1.696
Honduras,HND,1955,5.33,2.72,1.887
Honduras,HND,1960,6.87,3.55,2.276
Honduras,HND,1965,8.77,4.37,2.827
Honduras,HND,1970,9.969999999999999,4.8100000000000005,3.108
Honduras,HND,1975,11.89,5.19,3.596
Honduras,HND,1980,21.52,9.469999999999999,4.865
Honduras,HND,1985,28.64,13.08,5.612
Honduras,HND,1990,29.349999999999998,12.07,5.95
Honduras,HND,1995,33.12,12.180000000000001,6.244
Honduras,HND,2000,37.75,15.06,6.66
Honduras,HND,2005,45.89,18.59,7.031
Honduras,HND,2010,57.32,21.189999999999998,7.541
Honduras,HND,2015,65.47,25.22,8.184
Jamaica,JAM,1950,3.63,1.66,4.06
Jamaica,JAM,1955,3.75,1.74,4.092
Jamaica,JAM,1960,9.510000000000002,3.03,4.458
Jamaica,JAM,1965,19.24,6.08,5.28
Jamaica,JAM,1970,24.57,7.96,5.806
Jamaica,JAM,1975,36.59,12.59,6.591
Jamaica,JAM,1980,51.209999999999994,19.29,7.432
Jamaica,JAM,1985,61.129999999999995,24.96,7.907
Jamaica,JAM,1990,70.42,30.32,8.672
Jamaica,JAM,1995,79.35,39.47,9.771
Jamaica,JAM,2000,88.88000000000001,44.19,10.44
Jamaica,JAM,2005,95.31,49.71,10.973
Jamaica,JAM,2010,92.43,50.62,10.395
Jamaica,JAM,2015,91.14,55.07000000000001,9.895
Mexico,MEX,1950,5.720000000000001,2.69,2.236
Mexico,MEX,1955,8.13,2.88,2.686
Mexico,MEX,1960,10.1,3.5,2.913
Mexico,MEX,1965,15.69,7.540000000000001,3.793
Mexico,MEX,1970,18.4,7.61,4.331
Mexico,MEX,1975,29.12,14.79,5.355
Mexico,MEX,1980,41.4,20.39,6.426
Mexico,MEX,1985,52.27,24.830000000000002,7.337
Mexico,MEX,1990,61.34,26.71,8.027
Mexico,MEX,1995,65.73,29.57,8.449
Mexico,MEX,2000,69.89999999999999,33.18,8.843
Mexico,MEX,2005,83.55,44.24,9.929
Mexico,MEX,2010,84.76,45.760000000000005,10.063
Mexico,MEX,2015,90.47,44.42,10.412
Nicaragua,NIC,1950,3.5,1.78,1.569
Nicaragua,NIC,1955,5.67,3.41,2.112
Nicaragua,NIC,1960,7.619999999999999,4.73,2.624
Nicaragua,NIC,1965,12.33,7.8,3.173
Nicaragua,NIC,1970,16.16,10.53,3.656
Nicaragua,NIC,1975,19.43,12.16,4.032
Nicaragua,NIC,1980,25.78,16.08,4.627
Nicaragua,NIC,1985,29.16,16.689999999999998,4.888
Nicaragua,NIC,1990,30.96,16.47,5.163
Nicaragua,NIC,1995,40.5,20.049999999999997,5.758
Nicaragua,NIC,2000,44.07,23.63,6.183
Nicaragua,NIC,2005,51.6,27.6,6.918
Nicaragua,NIC,2010,60.300000000000004,33.120000000000005,7.78
Nicaragua,NIC,2015,68.12,38.15,8.846
Panama,PAN,1950,18.72,4.92,4.36
Panama,PAN,1955,22.72,6.54,4.861
Panama,PAN,1960,26.419999999999998,6.91,5.453
Panama,PAN,1965,30.169999999999998,12.1,5.777
Panama,PAN,1970,32.7,18.759999999999998,6.238
Panama,PAN,1975,44.489999999999995,24.49,7.159
Panama,PAN,1980,57.65,31.29,8.111
Panama,PAN,1985,61.69,38.23,8.709
Panama,PAN,1990,63.12,39.13,8.71
Panama,PAN,1995,68.78,44.71,9.314
Panama,PAN,2000,71.00999999999999,48.03,9.558
Panama,PAN,2005,71.54,51.230000000000004,9.794
Panama,PAN,2010,72.3,49.86,9.695
Panama,PAN,2015,74.64,59.58,10.241
Trinidad and Tobago,TTO,1950,18.68,3.44,5.975
Trinidad and Tobago,TTO,1955,19.95,3.5,6.065
Trinidad and Tobago,TTO,1960,27.4,3.91,6.644
Trinidad and Tobago,TTO,1965,32.55,4.35,6.925
Trinidad and Tobago,TTO,1970,43.269999999999996,5.05,7.651
Trinidad and Tobago,TTO,1975,45.870000000000005,6.57,7.903
Trinidad and Tobago,TTO,1980,54.68,7.57,8.328
Trinidad and Tobago,TTO,1985,60.919999999999995,11.850000000000001,8.893
Trinidad and Tobago,TTO,1990,80.08,19.01,9.795
Trinidad and Tobago,TTO,1995,85.12,28.06,10.104
Trinidad and Tobago,TTO,2000,87.08999999999999,36.45,10.316
Trinidad and Tobago,TTO,2005,87.57,51.14,10.77
Trinidad and Tobago,TTO,2010,94.57000000000001,73.56,11.549
Trinidad and Tobago,TTO,2015,98.96000000000001,80.2,11.875
USA,USA,1950,73.36,48.37,9.551
USA,USA,1955,77.89999999999999,50.28,9.85
USA,USA,1960,82.25999999999999,56.11,10.236
USA,USA,1965,88.5,60.25,10.736
USA,USA,1970,92.53,66.52,11.196
USA,USA,1975,96.13,70.24,11.591
USA,USA,1980,98.5,78.42999999999999,11.885
USA,USA,1985,96.13,72.19,11.819
USA,USA,1990,92.81,71.06,11.664
USA,USA,1995,98.50999999999999,69.81,11.835
USA,USA,2000,98.64,80.86,12.116
USA,USA,2005,98.86000000000001,68.36,11.793
USA,USA,2010,95.9,74.18,12.023
USA,USA,2015,93.16,75.08000000000001,11.905
Argentina,ARG,1950,17.14,5.17,5.498
Argentina,ARG,1955,21.27,7.63,5.769
Argentina,ARG,1960,29.220000000000002,13.09,6.726
Argentina,ARG,1965,31.689999999999998,15.290000000000001,6.959
Argentina,ARG,1970,37.68,18.97,7.414
Argentina,ARG,1975,43.66,25.439999999999998,8.042
Argentina,ARG,1980,51.730000000000004,25.409999999999997,8.47
Argentina,ARG,1985,57.269999999999996,33.51,9.057
Argentina,ARG,1990,65.50999999999999,39.58,9.684
Argentina,ARG,1995,64.03999999999999,33.04,9.37
Argentina,ARG,2000,62.81,30.01,9.281
Argentina,ARG,2005,70.38,37.660000000000004,9.8
Argentina,ARG,2010,84.83000000000001,51.019999999999996,10.599
Argentina,ARG,2015,91.08,59.5,11.11
Bolivia,BOL,1950,27.02,9.91,3.354
Bolivia,BOL,1955,29.950000000000003,10.95,3.876
Bolivia,BOL,1960,30.85,11.23,4.164
Bolivia,BOL,1965,37.86,15.32,5.213
Bolivia,BOL,1970,39.239999999999995,15.84,5.441
Bolivia,BOL,1975,46.6,25.18,6.424
Bolivia,BOL,1980,53.0,30.79,7.642
Bolivia,BOL,1985,60.0,36.31,8.575
Bolivia,BOL,1990,67.23,45.800000000000004,9.242
Bolivia,BOL,1995,62.2,43.75,9.398
Bolivia,BOL,2000,72.74,59.19,10.133
Bolivia,BOL,2005,73.02,55.870000000000005,10.135
Bolivia,BOL,2010,73.15,39.91,9.173
Bolivia,BOL,2015,71.59,54.879999999999995,9.501
Brazil,BRA,1950,6.7,3.61,2.329
Brazil,BRA,1955,9.33,4.39,2.448
Brazil,BRA,1960,12.57,6.0,2.491
Brazil,BRA,1965,15.940000000000001,6.380000000000001,2.85
Brazil,BRA,1970,22.080000000000002,7.720000000000001,3.622
Brazil,BRA,1975,14.25,6.67,3.037
Brazil,BRA,1980,16.89,7.79,3.172
Brazil,BRA,1985,19.79,9.55,5.007
Brazil,BRA,1990,21.759999999999998,11.21,6.687
Brazil,BRA,1995,32.27,15.52,7.394
Brazil,BRA,2000,54.12,25.49,8.378
Brazil,BRA,2005,63.05,29.91,8.921
Brazil,BRA,2010,68.64,35.15,8.459
Brazil,BRA,2015,59.35,34.56,8.192
Chile,CHL,1950,24.44,10.23,5.175
Chile,CHL,1955,26.57,10.610000000000001,5.215
Chile,CHL,1960,31.03,11.32,5.756
Chile,CHL,1965,36.56,15.05,6.493
Chile,CHL,1970,37.89,16.549999999999997,6.731
Chile,CHL,1975,47.14,23.05,7.735
Chile,CHL,1980,54.29,26.6,8.091
Chile,CHL,1985,61.730000000000004,34.9,8.627
Chile,CHL,1990,68.25,46.68000000000001,9.275
Chile,CHL,1995,75.32,50.07,9.71
Chile,CHL,2000,82.42,56.82,10.158
Chile,CHL,2005,92.07,59.21,10.398
Chile,CHL,2010,94.6,53.49,10.011
Chile,CHL,2015,87.65,61.22,10.449
Colombia,COL,1950,9.68,1.86,2.536
Colombia,COL,1955,12.02,2.46,3.013
Colombia,COL,1960,16.43,3.66,3.594
Colombia,COL,1965,20.740000000000002,4.6,4.064
Colombia,COL,1970,29.759999999999998,7.16,4.832
Colombia,COL,1975,34.21,7.76,5.196
Colombia,COL,1980,41.61,11.81,5.943
Colombia,COL,1985,49.27,15.809999999999999,6.714
Colombia,COL,1990,52.660000000000004,19.79,7.03
Colombia,COL,1995,58.129999999999995,25.610000000000003,7.328
Colombia,COL,2000,61.61,33.42,7.838
Colombia,COL,2005,63.34,42.79,8.19
Colombia,COL,2010,87.59,56.53,10.385
Colombia,COL,2015,94.38,57.75,11.036
Ecuador,ECU,1950,8.85,4.01,3.023
Ecuador,ECU,1955,11.34,5.32,3.417
Ecuador,ECU,1960,14.36,6.6,3.846
Ecuador,ECU,1965,19.46,9.57,4.896
Ecuador,ECU,1970,23.25,11.52,5.504
Ecuador,ECU,1975,30.27,13.57,6.107
Ecuador,ECU,1980,48.0,24.19,7.559
Ecuador,ECU,1985,52.760000000000005,31.33,7.873
Ecuador,ECU,1990,56.92,33.46,8.192
Ecuador,ECU,1995,53.53,33.97,7.893
Ecuador,ECU,2000,54.04,36.1,8.002
Ecuador,ECU,2005,49.57,35.87,8.304
Ecuador,ECU,2010,40.650000000000006,36.75,8.038
Ecuador,ECU,2015,59.94,52.25,9.301
Guyana,GUY,1950,7.76,3.19,4.671
Guyana,GUY,1955,9.620000000000001,3.65,4.893
Guyana,GUY,1960,14.790000000000001,5.04,5.501
Guyana,GUY,1965,24.14,7.180000000000001,6.212
Guyana,GUY,1970,31.46,9.93,6.823
Guyana,GUY,1975,34.58,12.200000000000001,7.095
Guyana,GUY,1980,40.56,15.16,7.53
Guyana,GUY,1985,45.76,18.060000000000002,7.796
Guyana,GUY,1990,45.16,19.35,7.603
Guyana,GUY,1995,58.74,26.029999999999998,8.573
Guyana,GUY,2000,63.3,27.97,9.037
Guyana,GUY,2005,71.67,33.83,9.677
Guyana,GUY,2010,78.86,37.97,9.508
Guyana,GUY,2015,74.49,37.58,8.687
Paraguay,PRY,1950,7.84,2.98,3.243
Paraguay,PRY,1955,8.879999999999999,3.3,3.431
Paraguay,PRY,1960,13.95,5.2,4.131
Paraguay,PRY,1965,16.77,6.800000000000001,4.395
Paraguay,PRY,1970,21.5,8.5,5.0
Paraguay,PRY,1975,27.729999999999997,10.64,5.62
Paraguay,PRY,1980,33.32,15.48,6.12
Paraguay,PRY,1985,39.64,18.95,6.747
Paraguay,PRY,1990,41.55,21.759999999999998,6.995
Paraguay,PRY,1995,29.509999999999998,17.27,6.575
Paraguay,PRY,2000,32.55,19.29,6.993
Paraguay,PRY,2005,72.73,46.050000000000004,9.212
Paraguay,PRY,2010,61.910000000000004,30.9,8.487
Paraguay,PRY,2015,63.42,43.480000000000004,9.189
Peru,PER,1950,16.61,8.26,3.622
Peru,PER,1955,16.79,8.36,3.631
Peru,PER,1960,18.63,9.54,3.842
Peru,PER,1965,28.72,15.290000000000001,4.572
Peru,PER,1970,38.42,17.94,5.588
Peru,PER,1975,48.64,26.11,6.965
Peru,PER,1980,57.0,25.5,7.447
Peru,PER,1985,62.24,32.29,8.083
Peru,PER,1990,64.42,43.75,8.591
Peru,PER,1995,71.97,51.39,9.122
Peru,PER,2000,80.50999999999999,55.480000000000004,9.954
Peru,PER,2005,84.3,65.29,10.348
Peru,PER,2010,79.53,58.1,9.561
Peru,PER,2015,89.64,82.17,10.85
Uruguay,URY,1950,20.75,8.32,5.114
Uruguay,URY,1955,26.96,11.09,5.622
Uruguay,URY,1960,31.34,12.399999999999999,5.905
Uruguay,URY,1965,40.489999999999995,16.02,6.614
Uruguay,URY,1970,48.23,19.19,7.213
Uruguay,URY,1975,56.63,22.2,7.877
Uruguay,URY,1980,59.55,23.439999999999998,8.12
Uruguay,URY,1985,66.62,19.369999999999997,8.392
Uruguay,URY,1990,65.98,18.78,8.351
Uruguay,URY,1995,66.73,25.279999999999998,8.507
Uruguay,URY,2000,64.94,21.57,8.488
Uruguay,URY,2005,62.48,20.84,8.4
Uruguay,URY,2010,62.75,22.21,8.465
Uruguay,URY,2015,59.23,27.86,8.671
Venezuela,VEN,1950,6.25,1.77,1.906
Venezuela,VEN,1955,8.9,2.85,2.369
Venezuela,VEN,1960,13.11,3.8,3.085
Venezuela,VEN,1965,22.14,7.58,3.712
Venezuela,VEN,1970,30.139999999999997,10.25,5.072
Venezuela,VEN,1975,42.87,16.49,6.282
Venezuela,VEN,1980,50.519999999999996,17.0,6.763
Venezuela,VEN,1985,38.1,15.87,6.098
Venezuela,VEN,1990,30.18,20.12,5.894
Venezuela,VEN,1995,35.06,17.2,6.712
Venezuela,VEN,2000,52.82,25.730000000000004,7.716
Venezuela,VEN,2005,63.239999999999995,37.72,8.311
Venezuela,VEN,2010,73.34,50.66,9.087
Venezuela,VEN,2015,79.94,58.03999999999999,10.019
Afghanistan,AFG,1950,1.48,1.2799999999999998,0.563
Afghanistan,AFG,1955,1.48,1.2799999999999998,0.566
Afghanistan,AFG,1960,2.0100000000000002,1.75,0.678
Afghanistan,AFG,1965,2.37,1.85,0.698
Afghanistan,AFG,1970,6.890000000000001,4.93,1.387
Afghanistan,AFG,1975,7.83,5.18,1.537
Afghanistan,AFG,1980,10.54,6.71,1.982
Afghanistan,AFG,1985,11.78,7.459999999999999,2.605
Afghanistan,AFG,1990,11.379999999999999,7.59,2.871
Afghanistan,AFG,1995,16.73,9.219999999999999,2.986
Afghanistan,AFG,2000,24.92,13.27,4.121
Afghanistan,AFG,2005,28.259999999999998,14.91,4.205
Afghanistan,AFG,2010,31.37,16.67,4.704
Afghanistan,AFG,2015,35.07,20.09,6.245
Bahrain,BHR,1950,4.6,3.2199999999999998,1.182
Bahrain,BHR,1955,4.75,3.18,1.227
Bahrain,BHR,1960,9.57,5.12,1.69
Bahrain,BHR,1965,15.29,6.61,2.28
Bahrain,BHR,1970,42.51,18.080000000000002,5.02
Bahrain,BHR,1975,46.31,22.060000000000002,5.779
Bahrain,BHR,1980,52.269999999999996,27.18,6.497
Bahrain,BHR,1985,58.730000000000004,31.659999999999997,6.825
Bahrain,BHR,1990,70.59,35.99,7.95
Bahrain,BHR,1995,73.22999999999999,35.72,8.563
Bahrain,BHR,2000,76.32,39.089999999999996,8.832
Bahrain,BHR,2005,68.19,34.47,8.364
Bahrain,BHR,2010,71.73,37.44,8.321
Bahrain,BHR,2015,69.76,44.379999999999995,8.263
Bangladesh,BGD,1950,5.86,2.11,0.995
Bangladesh,BGD,1955,6.29,2.25,1.041
Bangladesh,BGD,1960,8.43,3.3200000000000003,1.278
Bangladesh,BGD,1965,11.07,4.61,1.64
Bangladesh,BGD,1970,13.26,5.66,1.846
Bangladesh,BGD,1975,19.65,7.95,2.332
Bangladesh,BGD,1980,21.240000000000002,6.949999999999999,2.752
Bangladesh,BGD,1985,24.509999999999998,10.49,3.572
Bangladesh,BGD,1990,24.790000000000003,11.75,3.689
Bangladesh,BGD,1995,31.18,16.36,4.489
Bangladesh,BGD,2000,47.720000000000006,30.779999999999998,6.582
Bangladesh,BGD,2005,62.13,37.27,7.892
Bangladesh,BGD,2010,64.77,39.37,8.386
Bangladesh,BGD,2015,69.96000000000001,44.94,9.009
Myanmar,MMR,1950,9.610000000000001,2.52,1.278
Myanmar,MMR,1955,9.6,2.5,1.35
Myanmar,MMR,1960,10.9,2.79,1.509
Myanmar,MMR,1965,14.77,4.18,2.099
Myanmar,MMR,1970,17.22,4.7,2.155
Myanmar,MMR,1975,21.139999999999997,5.65,2.567
Myanmar,MMR,1980,25.5,11.170000000000002,3.387
Myanmar,MMR,1985,27.57,13.64,3.664
Myanmar,MMR,1990,14.76,9.48,3.666
Myanmar,MMR,1995,15.65,10.86,4.32
Myanmar,MMR,2000,20.87,15.92,5.063
Myanmar,MMR,2005,30.38,24.03,5.992
Myanmar,MMR,2010,38.519999999999996,31.09,6.952
Myanmar,MMR,2015,38.83,29.159999999999997,7.016
China,CHN,1950,23.470000000000002,5.760000000000001,4.334
China,CHN,1955,23.849999999999998,5.9,4.399
China,CHN,1960,31.79,7.79,5.354
China,CHN,1965,33.87,8.11,5.502
China,CHN,1970,39.35,9.73,6.142
China,CHN,1975,48.02,11.8,6.583
China,CHN,1980,62.49,21.71,7.926
China,CHN,1985,58.9,34.72,7.748
China,CHN,1990,59.059999999999995,46.54,7.491
China,CHN,1995,72.76,60.06,8.32
China,CHN,2000,83.18,60.93,8.687
China,CHN,2005,89.49000000000001,53.43,8.861
China,CHN,2010,92.81,46.88,9.544
China,CHN,2015,99.46000000000001,61.79,11.258
"China, Hong Kong Special Administrative Region",HKG,1950,32.62,15.969999999999999,5.57
"China, Hong Kong Special Administrative Region",HKG,1955,38.22,20.2,6.579
"China, Hong Kong Special Administrative Region",HKG,1960,38.62,20.310000000000002,6.778
"China, Hong Kong Special Administrative Region",HKG,1965,50.96,26.349999999999998,8.411
"China, Hong Kong Special Administrative Region",HKG,1970,55.88,30.889999999999997,8.911
"China, Hong Kong Special Administrative Region",HKG,1975,62.9,33.94,9.534
"China, Hong Kong Special Administrative Region",HKG,1980,76.81,47.5,10.724
"China, Hong Kong Special Administrative Region",HKG,1985,89.8,57.650000000000006,11.751
"China, Hong Kong Special Administrative Region",HKG,1990,96.0,71.17,12.612
"China, Hong Kong Special Administrative Region",HKG,1995,90.74,66.59,12.309
"China, Hong Kong Special Administrative Region",HKG,2000,89.42,65.68,11.987
"China, Hong Kong Special Administrative Region",HKG,2005,98.72999999999999,83.03,13.716
"China, Hong Kong Special Administrative Region",HKG,2010,99.53,89.89,13.487
"China, Hong Kong Special Administrative Region",HKG,2015,94.12,89.1,13.623
India,IND,1950,1.92,0.64,1.159
India,IND,1955,1.9900000000000002,0.67,1.208
India,IND,1960,4.8,0.76,1.557
India,IND,1965,6.28,1.03,1.662
India,IND,1970,10.67,1.28,2.454
India,IND,1975,22.41,2.71,3.083
India,IND,1980,31.47,2.54,3.38
India,IND,1985,35.239999999999995,3.67,3.993
India,IND,1990,42.41,3.5999999999999996,4.541
India,IND,1995,47.870000000000005,14.84,5.562
India,IND,2000,55.620000000000005,34.83,6.89
India,IND,2005,62.95,34.31,7.682
India,IND,2010,71.41,40.02,8.506
India,IND,2015,79.15,48.83,9.421
Indonesia,IDN,1950,4.6,0.77,1.78
Indonesia,IDN,1955,4.85,0.7899999999999999,1.936
Indonesia,IDN,1960,7.29,1.3800000000000001,2.722
Indonesia,IDN,1965,9.73,2.17,3.475
Indonesia,IDN,1970,14.19,3.37,4.304
Indonesia,IDN,1975,15.41,4.65,4.505
Indonesia,IDN,1980,18.27,6.069999999999999,4.882
Indonesia,IDN,1985,29.01,10.61,5.104
Indonesia,IDN,1990,41.559999999999995,15.03,6.228
Indonesia,IDN,1995,25.130000000000003,8.809999999999999,5.642
Indonesia,IDN,2000,22.77,10.290000000000001,6.166
Indonesia,IDN,2005,48.47,22.95,7.864
Indonesia,IDN,2010,68.47000000000001,31.65,8.858
Indonesia,IDN,2015,83.85000000000001,38.32,9.825
Iran (Islamic Republic of),IRN,1950,5.02,2.1799999999999997,1.074
Iran (Islamic Republic of),IRN,1955,7.050000000000001,2.83,1.258
Iran (Islamic Republic of),IRN,1960,8.780000000000001,5.12,1.679
Iran (Islamic Republic of),IRN,1965,16.18,7.13,2.62
Iran (Islamic Republic of),IRN,1970,24.580000000000002,16.759999999999998,3.668
Iran (Islamic Republic of),IRN,1975,32.37,24.15,4.735
Iran (Islamic Republic of),IRN,1980,40.010000000000005,32.47,6.053
Iran (Islamic Republic of),IRN,1985,44.15,37.4,6.61
Iran (Islamic Republic of),IRN,1990,48.699999999999996,40.93,7.06
Iran (Islamic Republic of),IRN,1995,59.79,50.25,8.448
Iran (Islamic Republic of),IRN,2000,72.85,53.3,9.227
Iran (Islamic Republic of),IRN,2005,82.8,65.07,10.117
Iran (Islamic Republic of),IRN,2010,86.33,68.92999999999999,10.547
Iran (Islamic Republic of),IRN,2015,89.56,68.01,11.449
Iraq,IRQ,1950,2.8400000000000003,1.26,0.364
Iraq,IRQ,1955,4.18,1.56,0.583
Iraq,IRQ,1960,5.859999999999999,2.46,0.904
Iraq,IRQ,1965,11.57,5.45,1.752
Iraq,IRQ,1970,17.14,7.73,2.875
Iraq,IRQ,1975,22.189999999999998,10.780000000000001,3.787
Iraq,IRQ,1980,33.17,14.669999999999998,4.675
Iraq,IRQ,1985,44.83,21.490000000000002,6.165
Iraq,IRQ,1990,44.5,22.990000000000002,6.999
Iraq,IRQ,1995,38.29,20.580000000000002,6.788
Iraq,IRQ,2000,48.58,26.78,7.503
Iraq,IRQ,2005,48.72,27.93,7.131
Iraq,IRQ,2010,66.4,39.63,8.538
Iraq,IRQ,2015,64.83,37.42,8.756
Israel,ISR,1950,37.12,21.48,7.423
Israel,ISR,1955,41.35,22.85,7.388
Israel,ISR,1960,50.58,28.1,8.256
Israel,ISR,1965,55.849999999999994,31.35,9.016
Israel,ISR,1970,64.47999999999999,37.22,9.609
Israel,ISR,1975,75.3,45.55,10.635
Israel,ISR,1980,84.94999999999999,49.400000000000006,11.084
Israel,ISR,1985,75.13,46.86,10.7
Israel,ISR,1990,68.36,45.68,10.166
Israel,ISR,1995,64.43,46.43,10.707
Israel,ISR,2000,62.84,47.4,10.384
Israel,ISR,2005,60.92,45.86,10.227
Israel,ISR,2010,93.63000000000001,61.510000000000005,10.797
Israel,ISR,2015,90.85,58.33,10.583
Japan,JPN,1950,64.74000000000001,42.28,8.361
Japan,JPN,1955,67.39999999999999,43.63,8.819
Japan,JPN,1960,65.66,42.33,8.992
Japan,JPN,1965,68.21000000000001,39.36,9.046
Japan,JPN,1970,79.8,58.17,10.378
Japan,JPN,1975,82.0,59.790000000000006,10.486
Japan,JPN,1980,91.19999999999999,66.35,11.18
Japan,JPN,1985,92.83,67.2,11.325
Japan,JPN,1990,94.0,78.81,11.798
Japan,JPN,1995,95.08,81.36,12.066
Japan,JPN,2000,96.28999999999999,82.19,12.179
Japan,JPN,2005,96.44,81.13,12.139
Japan,JPN,2010,96.32000000000001,80.03999999999999,11.862
Japan,JPN,2015,96.34,81.12,12.017
Jordan,JOR,1950,14.39,4.26,2.147
Jordan,JOR,1955,18.99,4.6899999999999995,2.681
Jordan,JOR,1960,28.69,8.2,4.05
Jordan,JOR,1965,35.03,10.43,5.08
Jordan,JOR,1970,38.43,13.829999999999998,5.686
Jordan,JOR,1975,43.61,16.92,6.351
Jordan,JOR,1980,53.17,18.46,7.054
Jordan,JOR,1985,64.61,33.58,8.119
Jordan,JOR,1990,68.48,38.08,8.628
Jordan,JOR,1995,70.81,44.13,9.05
Jordan,JOR,2000,79.0,43.12,9.666
Jordan,JOR,2005,87.76,41.92,10.363
Jordan,JOR,2010,91.21,37.17,10.472
Jordan,JOR,2015,87.04,40.26,10.295
Republic of Korea,KOR,1950,16.5,9.15,5.608
Republic of Korea,KOR,1955,26.2,13.97,6.31
Republic of Korea,KOR,1960,34.05,14.48,6.32
Republic of Korea,KOR,1965,45.74,23.93,7.829
Republic of Korea,KOR,1970,56.59,30.1,8.573
Republic of Korea,KOR,1975,67.9,36.739999999999995,9.197
Republic of Korea,KOR,1980,83.52,54.83,10.321
Republic of Korea,KOR,1985,94.16999999999999,70.91,11.323
Republic of Korea,KOR,1990,98.64,85.02000000000001,11.958
Republic of Korea,KOR,1995,99.54,89.97,12.285
Republic of Korea,KOR,2000,99.69,93.8,12.765
Republic of Korea,KOR,2005,98.75,95.18,12.434
Republic of Korea,KOR,2010,99.78,99.22,13.172
Republic of Korea,KOR,2015,97.55000000000001,93.01,12.853
Kuwait,KWT,1950,9.61,6.82,2.186
Kuwait,KWT,1955,10.370000000000001,7.33,2.326
Kuwait,KWT,1960,17.84,10.67,3.141
Kuwait,KWT,1965,20.21,10.73,3.396
Kuwait,KWT,1970,30.32,11.700000000000001,3.985
Kuwait,KWT,1975,39.37,12.49,4.325
Kuwait,KWT,1980,50.22,16.53,5.27
Kuwait,KWT,1985,58.51,25.21,6.24
Kuwait,KWT,1990,65.97,24.590000000000003,6.769
Kuwait,KWT,1995,73.97999999999999,26.54,7.296
Kuwait,KWT,2000,53.62,17.46,6.035
Kuwait,KWT,2005,55.36,18.48,6.474
Kuwait,KWT,2010,53.64,21.060000000000002,6.602
Kuwait,KWT,2015,40.35,22.12,7.017
Malaysia,MYS,1950,7.71,3.5,2.786
Malaysia,MYS,1955,10.85,4.48,3.105
Malaysia,MYS,1960,17.599999999999998,6.199999999999999,4.139
Malaysia,MYS,1965,26.03,9.78,5.022
Malaysia,MYS,1970,37.49,14.79,6.447
Malaysia,MYS,1975,44.55,19.76,6.83
Malaysia,MYS,1980,61.2,33.31,8.277
Malaysia,MYS,1985,69.64999999999999,39.66,9.149
Malaysia,MYS,1990,81.89,48.27,10.23
Malaysia,MYS,1995,83.16,52.17,10.465
Malaysia,MYS,2000,89.5,66.47,11.429
Malaysia,MYS,2005,92.11,72.11,11.885
Malaysia,MYS,2010,93.44999999999999,79.07,12.383
Malaysia,MYS,2015,88.33,78.28,11.927
Nepal,NPL,1950,2.5300000000000002,0.5,0.233
Nepal,NPL,1955,2.27,0.48,0.219
Nepal,NPL,1960,2.3600000000000003,0.5700000000000001,0.25
Nepal,NPL,1965,4.57,0.88,0.507
Nepal,NPL,1970,9.219999999999999,1.35,0.993
Nepal,NPL,1975,10.67,2.24,1.264
Nepal,NPL,1980,14.59,3.54,1.701
Nepal,NPL,1985,25.150000000000002,8.07,2.869
Nepal,NPL,1990,34.839999999999996,12.04,3.447
Nepal,NPL,1995,32.17,13.69,3.489
Nepal,NPL,2000,33.46,13.639999999999999,4.195
Nepal,NPL,2005,38.440000000000005,15.959999999999999,5.089
Nepal,NPL,2010,43.78,18.869999999999997,6.111
Nepal,NPL,2015,60.78,28.55,7.652
Pakistan,PAK,1950,11.44,3.94,1.289
Pakistan,PAK,1955,11.5,4.0,1.344
Pakistan,PAK,1960,14.719999999999999,6.800000000000001,1.853
Pakistan,PAK,1965,14.25,7.05,2.047
Pakistan,PAK,1970,16.3,8.86,2.185
Pakistan,PAK,1975,18.38,10.350000000000001,2.556
Pakistan,PAK,1980,21.78,12.73,2.861
Pakistan,PAK,1985,25.2,14.51,3.356
Pakistan,PAK,1990,31.439999999999998,18.380000000000003,4.077
Pakistan,PAK,1995,34.26,22.770000000000003,4.587
Pakistan,PAK,2000,37.980000000000004,25.78,5.039
Pakistan,PAK,2005,44.36,25.880000000000003,5.717
Pakistan,PAK,2010,47.839999999999996,28.029999999999998,6.349
Pakistan,PAK,2015,54.15,35.72,7.232
Philippines,PHL,1950,17.49,9.1,3.035
Philippines,PHL,1955,26.94,14.799999999999999,4.166
Philippines,PHL,1960,27.92,15.709999999999999,4.302
Philippines,PHL,1965,32.14,19.72,4.732
Philippines,PHL,1970,38.76,22.78,5.822
Philippines,PHL,1975,48.52,26.810000000000002,6.927
Philippines,PHL,1980,56.93,31.589999999999996,7.475
Philippines,PHL,1985,55.44,28.200000000000003,7.223
Philippines,PHL,1990,66.87,36.28,7.99
Philippines,PHL,1995,71.43,41.650000000000006,8.317
Philippines,PHL,2000,74.3,45.519999999999996,8.526
Philippines,PHL,2005,81.07,45.71,8.788
Philippines,PHL,2010,82.75,44.019999999999996,9.099
Philippines,PHL,2015,82.39,45.28,9.3
Saudi Arabia,SAU,1950,9.59,6.66,2.705
Saudi Arabia,SAU,1955,9.7,6.73,2.714
Saudi Arabia,SAU,1960,10.45,7.29,2.771
Saudi Arabia,SAU,1965,12.1,7.34,3.338
Saudi Arabia,SAU,1970,14.15,7.7,3.38
Saudi Arabia,SAU,1975,24.15,13.93,4.554
Saudi Arabia,SAU,1980,27.799999999999997,14.96,4.795
Saudi Arabia,SAU,1985,37.199999999999996,19.05,6.189
Saudi Arabia,SAU,1990,39.86,19.259999999999998,6.592
Saudi Arabia,SAU,1995,49.34,21.799999999999997,7.06
Saudi Arabia,SAU,2000,60.38,28.5,8.068
Saudi Arabia,SAU,2005,72.71000000000001,32.910000000000004,8.859
Saudi Arabia,SAU,2010,77.15,38.65,9.019
Saudi Arabia,SAU,2015,86.35,57.17,10.766
Singapore,SGP,1950,26.56,8.76,4.047
Singapore,SGP,1955,29.56,11.06,4.457
Singapore,SGP,1960,40.34,15.52,5.741
Singapore,SGP,1965,49.03,18.619999999999997,6.626
Singapore,SGP,1970,60.28,22.229999999999997,7.875
Singapore,SGP,1975,48.18,16.25,7.248
Singapore,SGP,1980,59.69,22.97,8.36
Singapore,SGP,1985,58.69,21.9,8.361
Singapore,SGP,1990,59.449999999999996,19.71,8.39
Singapore,SGP,1995,82.78999999999999,55.24,10.923
Singapore,SGP,2000,93.3,82.55,11.496
Singapore,SGP,2005,83.27,77.59,10.946
Singapore,SGP,2010,97.29999999999998,92.41,12.714
Singapore,SGP,2015,95.22,89.88,11.9
Sri Lanka,LKA,1950,26.78,12.92,4.428
Sri Lanka,LKA,1955,32.02,15.44,4.892
Sri Lanka,LKA,1960,33.959999999999994,20.2,5.142
Sri Lanka,LKA,1965,40.24,23.84,5.65
Sri Lanka,LKA,1970,63.1,43.11,8.437
Sri Lanka,LKA,1975,58.02,39.42,8.666
Sri Lanka,LKA,1980,56.57,40.5,8.777
Sri Lanka,LKA,1985,65.39,47.919999999999995,9.161
Sri Lanka,LKA,1990,75.96,61.019999999999996,10.478
Sri Lanka,LKA,1995,84.16,71.64,11.618
Sri Lanka,LKA,2000,91.14,80.47,12.211
Sri Lanka,LKA,2005,91.41999999999999,67.06,12.144
Sri Lanka,LKA,2010,96.64,41.43,11.408
Sri Lanka,LKA,2015,98.56,45.49,11.096
Syrian Arab Republic,SYR,1950,2.43,0.69,1.417
Syrian Arab Republic,SYR,1955,3.9,0.66,1.497
Syrian Arab Republic,SYR,1960,6.8999999999999995,1.54,2.011
Syrian Arab Republic,SYR,1965,10.93,3.34,2.37
Syrian Arab Republic,SYR,1970,17.259999999999998,4.8,3.245
Syrian Arab Republic,SYR,1975,23.85,8.23,4.242
Syrian Arab Republic,SYR,1980,29.529999999999998,7.37,4.802
Syrian Arab Republic,SYR,1985,34.120000000000005,7.2,5.349
Syrian Arab Republic,SYR,1990,28.27,9.39,5.34
Syrian Arab Republic,SYR,1995,18.68,6.04,4.791
Syrian Arab Republic,SYR,2000,15.83,2.86,4.646
Syrian Arab Republic,SYR,2005,36.51,10.01,6.528
Syrian Arab Republic,SYR,2010,53.83,25.36,7.773
Syrian Arab Republic,SYR,2015,59.650000000000006,27.200000000000003,8.719
Taiwan,TWN,1950,24.51,11.16,3.657
Taiwan,TWN,1955,24.96,11.3,3.883
Taiwan,TWN,1960,29.95,15.61,4.368
Taiwan,TWN,1965,39.400000000000006,23.24,5.468
Taiwan,TWN,1970,48.81,30.83,7.445
Taiwan,TWN,1975,65.44,42.93,9.219
Taiwan,TWN,1980,81.62,51.85,10.162
Taiwan,TWN,1985,89.05000000000001,57.55,10.597
Taiwan,TWN,1990,91.76,65.17999999999999,11.064
Taiwan,TWN,1995,95.49,69.59,11.435
Taiwan,TWN,2000,97.48,77.75,11.893
Taiwan,TWN,2005,99.7,89.49000000000001,12.599
Taiwan,TWN,2010,99.85,93.49000000000001,12.989
Taiwan,TWN,2015,99.38,95.81,13.021
Thailand,THA,1950,10.940000000000001,2.92,3.471
Thailand,THA,1955,11.129999999999999,2.79,3.521
Thailand,THA,1960,12.18,3.3899999999999997,3.65
Thailand,THA,1965,11.78,3.1900000000000004,3.109
Thailand,THA,1970,12.5,4.41,4.016
Thailand,THA,1975,19.25,7.18,4.934
Thailand,THA,1980,25.21,11.149999999999999,5.591
Thailand,THA,1985,26.97,14.84,6.067
Thailand,THA,1990,30.189999999999998,18.68,7.262
Thailand,THA,1995,52.41,24.67,8.302
Thailand,THA,2000,57.69,32.54,8.349
Thailand,THA,2005,76.05,31.73,9.338
Thailand,THA,2010,84.8,51.0,10.475
Thailand,THA,2015,91.19999999999999,50.47,10.636
United Arab Emirates,ARE,1950,6.6899999999999995,5.18,1.14
United Arab Emirates,ARE,1955,10.48,7.95,1.706
United Arab Emirates,ARE,1960,11.33,8.44,1.857
United Arab Emirates,ARE,1965,17.35,12.75,2.66
United Arab Emirates,ARE,1970,20.68,14.649999999999999,3.0
United Arab Emirates,ARE,1975,23.55,14.649999999999999,3.171
United Arab Emirates,ARE,1980,38.6,25.13,4.812
United Arab Emirates,ARE,1985,53.720000000000006,33.910000000000004,6.513
United Arab Emirates,ARE,1990,65.02,40.339999999999996,7.86
United Arab Emirates,ARE,1995,74.07,47.349999999999994,8.95
United Arab Emirates,ARE,2000,69.43,42.83,8.969
United Arab Emirates,ARE,2005,77.88999999999999,48.6,9.438
United Arab Emirates,ARE,2010,80.63,56.34,9.752
United Arab Emirates,ARE,2015,88.32,71.88,10.642
Yemen,YEM,1950,0.08,0.060000000000000005,0.051
Yemen,YEM,1955,0.09,0.060000000000000005,0.068
Yemen,YEM,1960,0.1,0.060000000000000005,0.093
Yemen,YEM,1965,0.1,0.060000000000000005,0.126
Yemen,YEM,1970,0.08,0.05,0.149
Yemen,YEM,1975,0.0,0.0,0.191
Yemen,YEM,1980,1.52,0.76,0.52
Yemen,YEM,1985,7.22,2.56,1.34
Yemen,YEM,1990,16.84,6.460000000000001,2.59
Yemen,YEM,1995,21.36,9.04,3.454
Yemen,YEM,2000,27.46,11.07,4.118
Yemen,YEM,2005,36.42,15.059999999999999,4.671
Yemen,YEM,2010,40.68,17.59,5.379
Yemen,YEM,2015,38.67,19.71,6.287
Austria,AUT,1950,6.390000000000001,3.57,3.755
Austria,AUT,1955,6.9799999999999995,2.8200000000000003,3.786
Austria,AUT,1960,29.02,13.610000000000001,5.263
Austria,AUT,1965,32.38,19.669999999999998,5.726
Austria,AUT,1970,42.34,23.72,6.441
Austria,AUT,1975,44.67,26.15,6.677
Austria,AUT,1980,47.97,27.97,6.866
Austria,AUT,1985,50.66,34.27,7.298
Austria,AUT,1990,55.660000000000004,35.67,7.39
Austria,AUT,1995,68.87,47.29,8.695
Austria,AUT,2000,69.13,47.480000000000004,8.841
Austria,AUT,2005,68.45,44.95,8.557
Austria,AUT,2010,66.19,41.86,8.336
Austria,AUT,2015,61.010000000000005,39.78,8.378
Belgium,BEL,1950,51.71,14.73,7.656
Belgium,BEL,1955,53.730000000000004,15.469999999999999,7.815
Belgium,BEL,1960,61.739999999999995,21.68,8.47
Belgium,BEL,1965,65.0,22.61,8.71
Belgium,BEL,1970,73.62,37.71,9.582
Belgium,BEL,1975,79.34,37.25,9.843
Belgium,BEL,1980,82.87,42.97,10.119
Belgium,BEL,1985,87.37,49.96,10.57
Belgium,BEL,1990,90.19,57.019999999999996,10.984
Belgium,BEL,1995,89.62,60.86,11.136
Belgium,BEL,2000,93.74,58.75,10.938
Belgium,BEL,2005,88.99,52.81,10.258
Belgium,BEL,2010,87.33,53.480000000000004,10.106
Belgium,BEL,2015,95.62,53.959999999999994,10.467
Cyprus,CYP,1950,11.0,4.86,4.806
Cyprus,CYP,1955,23.73,10.1,5.794
Cyprus,CYP,1960,39.07,16.080000000000002,7.144
Cyprus,CYP,1965,47.550000000000004,19.57,7.618
Cyprus,CYP,1970,52.19,23.45,7.848
Cyprus,CYP,1975,59.46,27.75,8.106
Cyprus,CYP,1980,78.06,41.14,9.246
Cyprus,CYP,1985,85.83,47.59,10.385
Cyprus,CYP,1990,92.54,50.620000000000005,10.665
Cyprus,CYP,1995,93.80000000000001,49.81,10.788
Cyprus,CYP,2000,95.46,47.67,10.642
Cyprus,CYP,2005,93.05,49.68,10.618
Cyprus,CYP,2010,94.5,54.089999999999996,10.994
Cyprus,CYP,2015,89.07000000000001,55.71000000000001,10.864
Denmark,DNK,1950,48.54,14.58,5.973
Denmark,DNK,1955,53.35,18.14,6.3
Denmark,DNK,1960,63.57,18.65,6.803
Denmark,DNK,1965,80.36999999999999,27.14,7.979
Denmark,DNK,1970,91.67999999999999,40.34,10.174
Denmark,DNK,1975,96.44,37.349999999999994,11.155
Denmark,DNK,1980,96.5,38.87,11.164
Denmark,DNK,1985,98.87,41.99,11.548
Denmark,DNK,1990,99.84,42.309999999999995,10.866
Denmark,DNK,1995,99.82,43.82,10.418
Denmark,DNK,2000,97.30000000000001,47.11,10.722
Denmark,DNK,2005,95.9,39.8,10.292
Denmark,DNK,2010,98.76,35.940000000000005,10.055
Denmark,DNK,2015,99.19,47.480000000000004,11.215
Finland,FIN,1950,10.71,3.8499999999999996,3.967
Finland,FIN,1955,13.58,4.71,4.253
Finland,FIN,1960,17.92,6.74,4.623
Finland,FIN,1965,28.58,10.44,5.319
Finland,FIN,1970,39.17,16.16,6.899
Finland,FIN,1975,49.93,32.69,8.304
Finland,FIN,1980,50.1,36.410000000000004,8.466
Finland,FIN,1985,51.11,33.89,8.335
Finland,FIN,1990,49.529999999999994,33.35,8.322
Finland,FIN,1995,47.34,36.55,8.83
Finland,FIN,2000,48.699999999999996,34.27,8.435
Finland,FIN,2005,52.02,37.37,8.608
Finland,FIN,2010,49.45,35.47,8.475
Finland,FIN,2015,56.050000000000004,29.5,8.497
France,FRA,1950,8.530000000000001,3.07,4.421
France,FRA,1955,9.16,3.73,4.452
France,FRA,1960,11.0,5.17,4.52
France,FRA,1965,21.51,11.15,5.274
France,FRA,1970,35.19,17.02,6.291
France,FRA,1975,41.87,18.84,6.731
France,FRA,1980,34.3,17.2,5.952
France,FRA,1985,60.55,34.44,8.151
France,FRA,1990,67.67999999999999,40.58,8.891
France,FRA,1995,81.36,52.08,10.119
France,FRA,2000,90.28999999999999,56.73,10.765
France,FRA,2005,95.16,48.260000000000005,10.515
France,FRA,2010,97.48,57.269999999999996,10.927
France,FRA,2015,60.94,47.96,9.115
Greece,GRC,1950,20.919999999999998,10.62,5.096
Greece,GRC,1955,42.019999999999996,22.419999999999998,6.745
Greece,GRC,1960,75.45,39.65,9.057
Greece,GRC,1965,50.09,25.71,7.592
Greece,GRC,1970,54.690000000000005,30.810000000000002,8.205
Greece,GRC,1975,55.72,31.42,8.511
Greece,GRC,1980,62.97,34.46,9.129
Greece,GRC,1985,74.67,51.34,10.148
Greece,GRC,1990,87.03999999999999,82.75,11.757
Greece,GRC,1995,88.75,57.18,10.911
Greece,GRC,2000,87.61,54.21,10.349
Greece,GRC,2005,91.56,57.82,10.824
Greece,GRC,2010,90.84,56.11,10.74
Greece,GRC,2015,93.49000000000001,54.199999999999996,10.625
Hungary,HUN,1950,10.84,3.9000000000000004,7.773
Hungary,HUN,1955,13.959999999999999,4.08,7.849
Hungary,HUN,1960,21.55,5.84,8.052
Hungary,HUN,1965,25.689999999999998,7.0,8.365
Hungary,HUN,1970,34.04,15.379999999999999,8.941
Hungary,HUN,1975,57.15,28.48,9.79
Hungary,HUN,1980,69.59,34.94,10.165
Hungary,HUN,1985,58.62,30.85,9.867
Hungary,HUN,1990,49.81,29.419999999999998,9.453
Hungary,HUN,1995,82.91,45.269999999999996,10.645
Hungary,HUN,2000,96.04,55.54,11.079
Hungary,HUN,2005,93.94999999999999,54.94,11.414
Hungary,HUN,2010,96.97,48.82,10.118
Hungary,HUN,2015,92.74,49.760000000000005,9.794
Iceland,ISL,1950,24.970000000000002,11.03,6.56
Iceland,ISL,1955,25.400000000000002,11.19,6.609
Iceland,ISL,1960,34.12,14.65,7.116
Iceland,ISL,1965,43.06,12.879999999999999,7.5
Iceland,ISL,1970,52.08,20.86,8.271
Iceland,ISL,1975,55.59,23.740000000000002,8.52
Iceland,ISL,1980,58.800000000000004,26.58,8.82
Iceland,ISL,1985,65.07,29.3,9.224
Iceland,ISL,1990,70.28,34.32,9.712
Iceland,ISL,1995,72.61,37.11,10.045
Iceland,ISL,2000,62.61,19.0,8.507
Iceland,ISL,2005,43.64,10.59,7.518
Iceland,ISL,2010,40.6,9.7,7.835
Iceland,ISL,2015,44.79,20.41,8.92
Ireland,IRL,1950,31.61,12.489999999999998,6.731
Ireland,IRL,1955,38.47,15.67,7.226
Ireland,IRL,1960,41.08,15.67,7.379
Ireland,IRL,1965,49.63,17.990000000000002,7.89
Ireland,IRL,1970,65.01,25.990000000000002,9.699
Ireland,IRL,1975,72.81,29.86,10.503
Ireland,IRL,1980,84.22,37.49,11.525
Ireland,IRL,1985,89.97,40.77,11.851
Ireland,IRL,1990,94.80000000000001,47.43,11.226
Ireland,IRL,1995,87.88,50.14,10.098
Ireland,IRL,2000,86.29,50.629999999999995,9.899
Ireland,IRL,2005,91.52,60.540000000000006,10.618
Ireland,IRL,2010,86.77,56.050000000000004,11.272
Ireland,IRL,2015,84.21000000000001,46.99,11.829
Italy,ITA,1950,15.6,4.8100000000000005,4.811
Italy,ITA,1955,21.32,6.12,5.224
Italy,ITA,1960,28.89,7.68,5.801
Italy,ITA,1965,40.1,10.46,6.427
Italy,ITA,1970,55.04,14.06,7.169
Italy,ITA,1975,66.27,18.36,7.887
Italy,ITA,1980,82.34,23.3,8.591
Italy,ITA,1985,81.77,27.330000000000002,8.842
Italy,ITA,1990,85.27,32.379999999999995,9.307
Italy,ITA,1995,91.74000000000001,40.52,9.933
Italy,ITA,2000,96.61,45.75,10.177
Italy,ITA,2005,97.92999999999999,44.519999999999996,10.217
Italy,ITA,2010,98.28,45.730000000000004,10.295
Italy,ITA,2015,99.82000000000001,48.480000000000004,10.511
Luxembourg,LUX,1950,30.27,13.5,6.226
Luxembourg,LUX,1955,34.24,16.79,6.958
Luxembourg,LUX,1960,29.79,18.61,6.437
Luxembourg,LUX,1965,33.63,18.6,6.875
Luxembourg,LUX,1970,40.92,22.51,7.875
Luxembourg,LUX,1975,45.75,23.02,8.082
Luxembourg,LUX,1980,49.53,26.89,8.218
Luxembourg,LUX,1985,52.959999999999994,27.72,8.178
Luxembourg,LUX,1990,59.75,34.59,8.862
Luxembourg,LUX,1995,58.55,32.58,8.713
Luxembourg,LUX,2000,67.57000000000001,32.67,8.793
Luxembourg,LUX,2005,75.63,41.46,10.009
Luxembourg,LUX,2010,76.32,35.22,9.594
Luxembourg,LUX,2015,84.74000000000001,34.989999999999995,9.997
Malta,MLT,1950,16.15,8.899999999999999,3.643
Malta,MLT,1955,22.29,12.100000000000001,4.65
Malta,MLT,1960,27.91,14.67,5.35
Malta,MLT,1965,33.7,18.16,5.605
Malta,MLT,1970,44.59,24.279999999999998,7.018
Malta,MLT,1975,65.69,35.25,8.673
Malta,MLT,1980,77.79,40.01,9.752
Malta,MLT,1985,84.89,53.669999999999995,11.036
Malta,MLT,1990,90.22999999999999,57.51,11.666
Malta,MLT,1995,94.76,76.17,12.458
Malta,MLT,2000,89.06,54.879999999999995,11.95
Malta,MLT,2005,87.78999999999999,29.91,11.141
Malta,MLT,2010,88.63,38.86,11.549
Malta,MLT,2015,90.74,61.78,11.877
Netherlands,NLD,1950,9.58,2.9299999999999997,6.28
Netherlands,NLD,1955,12.04,3.11,6.035
Netherlands,NLD,1960,14.28,2.36,6.083
Netherlands,NLD,1965,60.74,11.73,8.161
Netherlands,NLD,1970,84.78,12.46,8.916
Netherlands,NLD,1975,87.92,33.45,9.81
Netherlands,NLD,1980,87.05,43.2,10.129
Netherlands,NLD,1985,83.25,44.96,9.955
Netherlands,NLD,1990,79.75,48.589999999999996,10.122
Netherlands,NLD,1995,79.97999999999999,50.309999999999995,10.31
Netherlands,NLD,2000,82.02000000000001,46.57,9.953
Netherlands,NLD,2005,84.39,44.95,9.921
Netherlands,NLD,2010,88.69999999999999,48.9,10.344
Netherlands,NLD,2015,88.73,45.629999999999995,10.248
Norway,NOR,1950,14.21,5.49,6.787
Norway,NOR,1955,17.34,5.62,7.098
Norway,NOR,1960,19.709999999999997,6.06,7.499
Norway,NOR,1965,29.97,16.77,8.008
Norway,NOR,1970,38.269999999999996,20.09,8.501
Norway,NOR,1975,48.739999999999995,23.83,9.063
Norway,NOR,1980,59.23,30.82,9.634
Norway,NOR,1985,66.6,35.81,9.822
Norway,NOR,1990,68.81,36.6,9.337
Norway,NOR,1995,81.32000000000001,47.47,10.338
Norway,NOR,2000,83.6,39.519999999999996,9.877
Norway,NOR,2005,96.41,37.45,10.058
Norway,NOR,2010,95.1,37.54,10.372
Norway,NOR,2015,93.80000000000001,44.26,10.989
Poland,POL,1950,30.560000000000002,10.0,6.404
Poland,POL,1955,32.65,10.370000000000001,6.54
Poland,POL,1960,40.78,10.5,7.289
Poland,POL,1965,38.55,17.060000000000002,7.694
Poland,POL,1970,42.879999999999995,27.83,8.25
Poland,POL,1975,48.92,35.400000000000006,8.613
Poland,POL,1980,57.9,9.51,8.713
Poland,POL,1985,58.510000000000005,11.66,9.39
Poland,POL,1990,50.790000000000006,39.900000000000006,9.737
Poland,POL,1995,58.2,44.410000000000004,10.219
Poland,POL,2000,55.29,45.31,9.971
Poland,POL,2005,75.30000000000001,53.93,11.126
Poland,POL,2010,88.19,54.92,10.256
Poland,POL,2015,85.52,47.47,9.862
Portugal,PRT,1950,7.8,3.58,2.723
Portugal,PRT,1955,8.37,3.75,2.894
Portugal,PRT,1960,10.86,4.95,3.502
Portugal,PRT,1965,10.72,5.529999999999999,3.34
Portugal,PRT,1970,9.88,5.18,4.374
Portugal,PRT,1975,28.34,13.89,6.884
Portugal,PRT,1980,38.57,19.27,8.268
Portugal,PRT,1985,50.099999999999994,25.77,8.451
Portugal,PRT,1990,55.85,31.020000000000003,8.434
Portugal,PRT,1995,67.03,42.9,9.281
Portugal,PRT,2000,82.10000000000001,61.82000000000001,10.73
Portugal,PRT,2005,75.67,32.519999999999996,9.28
Portugal,PRT,2010,82.05,37.809999999999995,9.682
Portugal,PRT,2015,84.97999999999999,41.14,9.942
Spain,ESP,1950,15.72,6.72,4.948
Spain,ESP,1955,16.38,7.0200000000000005,5.141
Spain,ESP,1960,22.25,8.299999999999999,5.888
Spain,ESP,1965,27.7,9.82,5.693
Spain,ESP,1970,44.849999999999994,21.23,7.059
Spain,ESP,1975,57.96,25.61,8.316
Spain,ESP,1980,81.19999999999999,43.260000000000005,10.351
Spain,ESP,1985,76.5,30.19,8.984
Spain,ESP,1990,78.87,29.2,8.308
Spain,ESP,1995,81.03,42.34,9.404
Spain,ESP,2000,77.44,43.019999999999996,9.198
Spain,ESP,2005,89.09,45.35,9.782
Spain,ESP,2010,84.52,44.07,10.179
Spain,ESP,2015,88.75,45.85,10.596
Sweden,SWE,1950,46.78,24.130000000000003,7.985
Sweden,SWE,1955,50.84,24.19,8.191
Sweden,SWE,1960,59.47,28.84,8.759
Sweden,SWE,1965,63.35,31.39,9.073
Sweden,SWE,1970,82.53,42.16,9.929
Sweden,SWE,1975,92.76,51.9,10.386
Sweden,SWE,1980,95.00999999999999,46.260000000000005,10.301
Sweden,SWE,1985,92.22,50.53,10.428
Sweden,SWE,1990,91.96000000000001,52.45,10.418
Sweden,SWE,1995,95.53,57.209999999999994,10.58
Sweden,SWE,2000,95.03,56.120000000000005,10.842
Sweden,SWE,2005,95.59,48.82,10.254
Sweden,SWE,2010,94.60000000000001,51.17,10.235
Sweden,SWE,2015,89.46000000000001,48.8,10.085
Switzerland,CHE,1950,39.74,27.020000000000003,9.532
Switzerland,CHE,1955,40.519999999999996,28.48,9.634
Switzerland,CHE,1960,37.58,27.08,9.503
Switzerland,CHE,1965,51.06,37.5,9.494
Switzerland,CHE,1970,64.69,46.17,9.416
Switzerland,CHE,1975,77.69,53.94,10.229
Switzerland,CHE,1980,85.17999999999999,71.07000000000001,11.353
Switzerland,CHE,1985,73.61,51.370000000000005,9.967
Switzerland,CHE,1990,61.699999999999996,47.019999999999996,9.208
Switzerland,CHE,1995,51.540000000000006,40.53,8.21
Switzerland,CHE,2000,39.15,31.09,7.009
Switzerland,CHE,2005,56.88,43.38,8.955
Switzerland,CHE,2010,91.33,46.57,10.562
Switzerland,CHE,2015,66.41,36.14,9.009
Turkey,TUR,1950,5.0,2.02,1.35
Turkey,TUR,1955,7.08,2.9899999999999998,1.642
Turkey,TUR,1960,10.61,4.35,2.453
Turkey,TUR,1965,12.139999999999999,4.29,2.569
Turkey,TUR,1970,16.82,6.109999999999999,3.302
Turkey,TUR,1975,20.709999999999997,8.15,4.105
Turkey,TUR,1980,26.849999999999998,11.04,4.792
Turkey,TUR,1985,29.87,19.27,5.771
Turkey,TUR,1990,37.97,20.17,5.986
Turkey,TUR,1995,45.28,23.95,6.952
Turkey,TUR,2000,57.449999999999996,28.83,7.417
Turkey,TUR,2005,70.25,34.6,7.89
Turkey,TUR,2010,85.52000000000001,36.900000000000006,8.601
Turkey,TUR,2015,88.17999999999999,30.12,8.778
United Kingdom,GBR,1950,47.260000000000005,4.2,7.91
United Kingdom,GBR,1955,50.86,4.62,8.175
United Kingdom,GBR,1960,60.059999999999995,2.04,8.65
United Kingdom,GBR,1965,67.01,10.95,9.37
United Kingdom,GBR,1970,68.98,15.030000000000001,8.904
United Kingdom,GBR,1975,76.14000000000001,16.94,8.836
United Kingdom,GBR,1980,82.92999999999999,15.830000000000002,8.78
United Kingdom,GBR,1985,84.78999999999999,16.830000000000002,9.21
United Kingdom,GBR,1990,85.36,23.290000000000003,9.651
United Kingdom,GBR,1995,84.2,29.79,9.973
United Kingdom,GBR,2000,83.6,33.85,10.023
United Kingdom,GBR,2005,87.87,56.010000000000005,11.356
United Kingdom,GBR,2010,89.64,73.68,11.944
United Kingdom,GBR,2015,93.05,74.61,12.279
Australia,AUS,1950,68.47,44.98,8.791
Australia,AUS,1955,77.32,53.17,9.354
Australia,AUS,1960,80.47,58.3,9.628
Australia,AUS,1965,87.37,67.5,10.248
Australia,AUS,1970,94.62,75.4,11.089
Australia,AUS,1975,97.5,83.58,12.147
Australia,AUS,1980,99.16,87.85,12.513
Australia,AUS,1985,91.45,81.73,11.827
Australia,AUS,1990,87.27000000000001,78.78,11.199
Australia,AUS,1995,82.65,77.7,10.777
Australia,AUS,2000,82.61,80.94,10.326
Australia,AUS,2005,84.53,82.41,10.843
Australia,AUS,2010,99.82,97.66999999999999,12.755
Australia,AUS,2015,97.22999999999999,78.91,12.851
Fiji,FJI,1950,10.29,4.15,4.801
Fiji,FJI,1955,13.86,5.05,5.283
Fiji,FJI,1960,16.17,5.72,5.518
Fiji,FJI,1965,24.0,7.83,6.528
Fiji,FJI,1970,33.9,9.969999999999999,6.981
Fiji,FJI,1975,47.989999999999995,19.0,8.077
Fiji,FJI,1980,59.24,25.91,8.857
Fiji,FJI,1985,65.89,34.699999999999996,9.366
Fiji,FJI,1990,84.94,51.620000000000005,10.607
Fiji,FJI,1995,94.08,61.55,10.861
Fiji,FJI,2000,82.94,55.24,10.205
Fiji,FJI,2005,82.71,50.65,10.123
Fiji,FJI,2010,90.47999999999999,67.47,11.326
Fiji,FJI,2015,88.41000000000001,74.58000000000001,11.952
New Zealand,NZL,1950,64.82,31.17,10.021
New Zealand,NZL,1955,66.66,31.72,10.132
New Zealand,NZL,1960,80.13,39.260000000000005,10.978
New Zealand,NZL,1965,90.97999999999999,44.849999999999994,10.098
New Zealand,NZL,1970,95.23,62.339999999999996,11.326
New Zealand,NZL,1975,99.07000000000001,63.58,12.903
New Zealand,NZL,1980,82.58,59.72,12.274
New Zealand,NZL,1985,80.06,58.34,12.219
New Zealand,NZL,1990,80.65,58.9,11.865
New Zealand,NZL,1995,83.03,64.82,12.171
New Zealand,NZL,2000,88.5,73.66,12.656
New Zealand,NZL,2005,85.24000000000001,57.04,11.76
New Zealand,NZL,2010,80.89,47.89,11.052
New Zealand,NZL,2015,78.89,51.61,10.935
Papua New Guinea,PNG,1950,7.87,2.0,1.133
Papua New Guinea,PNG,1955,7.99,2.04,1.209
Papua New Guinea,PNG,1960,9.55,2.77,1.576
Papua New Guinea,PNG,1965,10.97,3.11,1.818
Papua New Guinea,PNG,1970,16.34,5.2299999999999995,2.637
Papua New Guinea,PNG,1975,17.360000000000003,6.07,3.059
Papua New Guinea,PNG,1980,18.2,7.33,3.78
Papua New Guinea,PNG,1985,17.37,7.199999999999999,4.373
Papua New Guinea,PNG,1990,15.82,7.54,4.572
Papua New Guinea,PNG,1995,5.9399999999999995,3.2800000000000002,4.293
Papua New Guinea,PNG,2000,5.34,2.75,3.895
Papua New Guinea,PNG,2005,10.68,5.0,4.988
Papua New Guinea,PNG,2010,16.150000000000002,7.55,4.881
Papua New Guinea,PNG,2015,35.400000000000006,16.27,4.907
Tonga,TON,1950,43.77,4.82,5.489
Tonga,TON,1955,45.66,4.720000000000001,5.676
Tonga,TON,1960,49.879999999999995,5.02,6.156
Tonga,TON,1965,56.919999999999995,5.96,6.825
Tonga,TON,1970,62.67,6.44,7.555
Tonga,TON,1975,80.57000000000001,12.35,9.019
Tonga,TON,1980,82.3,12.569999999999999,9.323
Tonga,TON,1985,75.97,11.14,8.432
Tonga,TON,1990,92.35000000000001,17.380000000000003,9.32
Tonga,TON,1995,94.50999999999999,16.38,9.617
Tonga,TON,2000,88.64,21.02,9.931
Tonga,TON,2005,82.30000000000001,20.75,9.648
Tonga,TON,2010,97.61,66.96000000000001,11.585
Tonga,TON,2015,98.44,56.11,11.616
Libyan Arab Jamahiriya,LBY,1950,0.3,0.16,0.551
Libyan Arab Jamahiriya,LBY,1955,1.54,0.56,0.822
Libyan Arab Jamahiriya,LBY,1960,2.56,0.73,0.967
Libyan Arab Jamahiriya,LBY,1965,5.5,1.1,1.842
Libyan Arab Jamahiriya,LBY,1970,8.51,2.5700000000000003,2.681
Libyan Arab Jamahiriya,LBY,1975,15.41,4.48,3.723
Libyan Arab Jamahiriya,LBY,1980,30.259999999999998,12.2,5.492
Libyan Arab Jamahiriya,LBY,1985,38.57,17.39,6.687
Libyan Arab Jamahiriya,LBY,1990,49.94,23.11,7.658
Libyan Arab Jamahiriya,LBY,1995,58.099999999999994,28.23,7.929
Libyan Arab Jamahiriya,LBY,2000,60.76,39.13,8.815
Libyan Arab Jamahiriya,LBY,2005,63.32000000000001,45.49,9.479
Libyan Arab Jamahiriya,LBY,2010,64.92999999999999,49.66,9.981
Libyan Arab Jamahiriya,LBY,2015,66.86,55.980000000000004,10.679
Namibia,NAM,1950,12.110000000000001,7.119999999999999,2.124
Namibia,NAM,1955,13.39,7.720000000000001,2.609
Namibia,NAM,1960,13.76,8.18,3.094
Namibia,NAM,1965,18.28,10.84,4.062
Namibia,NAM,1970,23.59,13.46,5.119
Namibia,NAM,1975,28.61,16.29,5.873
Namibia,NAM,1980,36.150000000000006,18.38,6.512
Namibia,NAM,1985,42.1,21.32,7.001
Namibia,NAM,1990,43.22,20.8,7.143
Namibia,NAM,1995,37.18,20.1,6.788
Namibia,NAM,2000,26.830000000000002,14.049999999999999,5.792
Namibia,NAM,2005,30.0,14.75,6.018
Namibia,NAM,2010,31.259999999999998,14.6,6.124
Namibia,NAM,2015,32.4,19.92,6.685
Reunion,REU,1950,11.45,8.8,2.917
Reunion,REU,1955,13.219999999999999,10.46,2.786
Reunion,REU,1960,9.99,5.1,2.922
Reunion,REU,1965,18.200000000000003,4.5,4.058
Reunion,REU,1970,31.67,8.44,5.465
Reunion,REU,1975,42.309999999999995,10.56,6.623
Reunion,REU,1980,50.7,12.360000000000001,7.185
Reunion,REU,1985,58.03,14.64,7.546
Reunion,REU,1990,63.7,16.29,7.846
Reunion,REU,1995,68.53,17.55,8.109
Reunion,REU,2000,72.92999999999999,18.62,8.323
Reunion,REU,2005,77.47,20.33,8.565
Reunion,REU,2010,90.99,25.7,9.087
Reunion,REU,2015,80.54,21.48,8.726
Belize,BLZ,1950,29.54,13.91,8.317
Belize,BLZ,1955,28.65,13.99,8.395
Belize,BLZ,1960,31.59,17.17,9.036
Belize,BLZ,1965,25.68,9.15,8.617
Belize,BLZ,1970,24.92,5.550000000000001,8.596
Belize,BLZ,1975,26.45,6.23,8.651
Belize,BLZ,1980,31.169999999999998,7.87,8.619
Belize,BLZ,1985,34.46,11.530000000000001,8.794
Belize,BLZ,1990,40.96,16.46,9.656
Belize,BLZ,1995,48.6,19.4,9.949
Belize,BLZ,2000,63.86,26.229999999999997,9.908
Belize,BLZ,2005,82.78999999999999,35.32,10.458
Belize,BLZ,2010,91.0,42.37,10.746
Belize,BLZ,2015,91.6,48.64,10.895
Brunei Darussalam,BRN,1950,15.78,5.24,2.755
Brunei Darussalam,BRN,1955,16.45,5.63,3.055
Brunei Darussalam,BRN,1960,21.9,7.5,3.946
Brunei Darussalam,BRN,1965,36.12,13.05,5.564
Brunei Darussalam,BRN,1970,60.91,19.38,7.626
Brunei Darussalam,BRN,1975,63.36,25.7,8.333
Brunei Darussalam,BRN,1980,59.3,25.0,7.63
Brunei Darussalam,BRN,1985,68.31,30.25,8.176
Brunei Darussalam,BRN,1990,64.73,32.050000000000004,8.172
Brunei Darussalam,BRN,1995,55.88,29.54,7.859
Brunei Darussalam,BRN,2000,57.85,31.759999999999998,8.041
Brunei Darussalam,BRN,2005,66.17999999999999,37.77,8.379
Brunei Darussalam,BRN,2010,68.54,39.48,8.631
Brunei Darussalam,BRN,2015,73.61,45.519999999999996,9.254
Bulgaria,BGR,1950,37.410000000000004,7.77,5.771
Bulgaria,BGR,1955,65.97999999999999,17.65,8.442
Bulgaria,BGR,1960,52.53,19.53,7.872
Bulgaria,BGR,1965,21.52,9.65,5.225
Bulgaria,BGR,1970,48.39,27.59,8.252
Bulgaria,BGR,1975,64.56,37.47,9.772
Bulgaria,BGR,1980,70.85,41.620000000000005,9.69
Bulgaria,BGR,1985,74.14,41.66,9.55
Bulgaria,BGR,1990,52.1,33.06,7.457
Bulgaria,BGR,1995,51.0,35.260000000000005,8.806
Bulgaria,BGR,2000,51.21,33.12,8.96
Bulgaria,BGR,2005,75.81,45.36,10.626
Bulgaria,BGR,2010,91.44,52.86,9.963
Bulgaria,BGR,2015,90.82,49.660000000000004,9.362
Czech Republic,CZE,1950,13.290000000000001,8.0,8.273
Czech Republic,CZE,1955,15.65,8.29,8.4
Czech Republic,CZE,1960,20.53,7.510000000000001,8.538
Czech Republic,CZE,1965,36.18,21.5,9.413
Czech Republic,CZE,1970,42.43,29.24,9.901
Czech Republic,CZE,1975,52.53,35.4,10.458
Czech Republic,CZE,1980,53.82,37.43,10.483
Czech Republic,CZE,1985,50.04,41.57,10.618
Czech Republic,CZE,1990,58.68,40.2,10.761
Czech Republic,CZE,1995,85.05999999999999,51.550000000000004,11.798
Czech Republic,CZE,2000,99.53,58.48,11.784
Czech Republic,CZE,2005,97.58999999999999,54.660000000000004,11.077
Czech Republic,CZE,2010,94.92,53.82,10.615
Czech Republic,CZE,2015,93.85,53.0,11.001
Romania,ROU,1950,30.25,3.4000000000000004,5.447
Romania,ROU,1955,44.82,9.74,6.356
Romania,ROU,1960,49.989999999999995,14.879999999999999,6.925
Romania,ROU,1965,58.879999999999995,12.79,7.578
Romania,ROU,1970,74.09,30.419999999999998,9.091
Romania,ROU,1975,85.67,32.61,9.837
Romania,ROU,1980,87.0,46.67,10.289
Romania,ROU,1985,88.75,38.64,10.239
Romania,ROU,1990,94.96000000000001,48.05,9.821
Romania,ROU,1995,92.02,45.83,10.309
Romania,ROU,2000,88.23,42.019999999999996,10.168
Romania,ROU,2005,87.39,45.89,9.719
Romania,ROU,2010,92.91999999999999,51.47,9.762
Romania,ROU,2015,95.39999999999999,46.4,10.17
Russian Federation,RUS,1950,53.43,14.13,5.315
Russian Federation,RUS,1955,61.55,17.54,5.778
Russian Federation,RUS,1960,68.43,25.39,6.356
Russian Federation,RUS,1965,85.85,38.03,7.702
Russian Federation,RUS,1970,88.53999999999999,46.61,8.465
Russian Federation,RUS,1975,93.14999999999999,57.040000000000006,9.366
Russian Federation,RUS,1980,97.16999999999999,68.14,10.538
Russian Federation,RUS,1985,97.94,76.34,11.715
Russian Federation,RUS,1990,97.14,68.02,11.842
Russian Federation,RUS,1995,94.99000000000001,63.49,10.583
Russian Federation,RUS,2000,96.08,67.72999999999999,10.055
Russian Federation,RUS,2005,92.88,68.01,10.32
Russian Federation,RUS,2010,95.78,75.87,10.64
Russian Federation,RUS,2015,93.32,70.99,10.386
Cuba,CUB,1950,5.45,2.39,3.644
Cuba,CUB,1955,6.9799999999999995,2.52,3.642
Cuba,CUB,1960,16.32,6.0600000000000005,4.342
Cuba,CUB,1965,24.009999999999998,8.64,4.892
Cuba,CUB,1970,37.5,16.0,6.533
Cuba,CUB,1975,53.660000000000004,21.33,8.308
Cuba,CUB,1980,78.23,29.830000000000002,9.868
Cuba,CUB,1985,91.44,38.71,10.819
Cuba,CUB,1990,90.14999999999999,40.040000000000006,10.776
Cuba,CUB,1995,88.41,40.239999999999995,10.291
Cuba,CUB,2000,87.35000000000001,34.040000000000006,9.474
Cuba,CUB,2005,92.21000000000001,48.349999999999994,10.887
Cuba,CUB,2010,96.38,66.46000000000001,12.413
Cuba,CUB,2015,97.81,41.96,10.616
Albania,ALB,1950,10.350000000000001,5.04,3.322
Albania,ALB,1955,10.459999999999999,5.21,3.27
Albania,ALB,1960,32.83,11.57,4.272
Albania,ALB,1965,36.92,13.27,4.394
Albania,ALB,1970,51.81,20.75,6.582
Albania,ALB,1975,63.84,24.04,8.271
Albania,ALB,1980,78.08,28.85,9.458
Albania,ALB,1985,85.41,31.990000000000002,10.094
Albania,ALB,1990,90.33,31.57,10.123
Albania,ALB,1995,79.97,28.44,9.564
Albania,ALB,2000,88.75,21.45,10.139
Albania,ALB,2005,92.09,29.35,10.333
Albania,ALB,2010,95.04,48.4,10.137
Albania,ALB,2015,99.02000000000001,53.29,10.724
Slovakia,SVK,1950,18.96,7.86,8.181
Slovakia,SVK,1955,19.479999999999997,8.24,8.388
Slovakia,SVK,1960,21.169999999999998,8.05,8.564
Slovakia,SVK,1965,36.39,19.339999999999996,9.405
Slovakia,SVK,1970,38.980000000000004,26.33,9.746
Slovakia,SVK,1975,48.489999999999995,33.96,10.218
Slovakia,SVK,1980,54.42,22.13,10.193
Slovakia,SVK,1985,51.9,25.58,10.232
Slovakia,SVK,1990,60.120000000000005,41.57,10.763
Slovakia,SVK,1995,61.56999999999999,43.290000000000006,10.971
Slovakia,SVK,2000,60.3,44.709999999999994,10.388
Slovakia,SVK,2005,63.37,50.18,9.229
Slovakia,SVK,2010,60.48,49.99,8.605
Slovakia,SVK,2015,64.84,37.75,8.789
Germany,DEU,1950,28.3,7.69,7.164
Germany,DEU,1955,28.34,8.7,7.14
Germany,DEU,1960,29.28,11.55,7.281
Germany,DEU,1965,26.6,13.129999999999999,6.443
Germany,DEU,1970,16.799999999999997,7.180000000000001,3.995
Germany,DEU,1975,28.86,17.32,5.153
Germany,DEU,1980,32.04,19.1,5.338
Germany,DEU,1985,40.559999999999995,25.04,6.246
Germany,DEU,1990,54.489999999999995,40.47,8.125
Germany,DEU,1995,54.56,39.32,8.176
Germany,DEU,2000,38.800000000000004,30.22,7.046
Germany,DEU,2005,75.78,37.55,9.545
Germany,DEU,2010,80.74000000000001,43.33,10.123
Germany,DEU,2015,76.47,35.54,9.668
Armenia,ARM,1950,58.7,37.76,6.98
Armenia,ARM,1955,60.68,37.87,7.059
Armenia,ARM,1960,78.59,58.769999999999996,8.71
Armenia,ARM,1965,75.47,51.790000000000006,8.234
Armenia,ARM,1970,80.75999999999999,60.96,8.78
Armenia,ARM,1975,83.89999999999999,64.28,9.079
Armenia,ARM,1980,87.58,70.00999999999999,10.062
Armenia,ARM,1985,89.88,72.1,10.881
Armenia,ARM,1990,91.61,71.47,11.424
Armenia,ARM,1995,94.25999999999999,69.92999999999999,10.388
Armenia,ARM,2000,95.07000000000001,69.47,9.329
Armenia,ARM,2005,95.66,71.60000000000001,9.63
Armenia,ARM,2010,97.86,76.63,9.833
Armenia,ARM,2015,97.91000000000001,78.05000000000001,10.44
Cambodia,KHM,1950,1.33,0.29,0.777
Cambodia,KHM,1955,1.96,0.35,1.007
Cambodia,KHM,1960,8.52,0.42000000000000004,2.188
Cambodia,KHM,1965,10.24,0.58,2.532
Cambodia,KHM,1970,12.03,1.77,2.97
Cambodia,KHM,1975,13.27,1.98,3.283
Cambodia,KHM,1980,13.239999999999998,1.64,3.294
Cambodia,KHM,1985,13.43,1.5899999999999999,3.306
Cambodia,KHM,1990,15.61,3.14,3.907
Cambodia,KHM,1995,14.51,3.52,4.098
Cambodia,KHM,2000,11.729999999999999,2.16,4.073
Cambodia,KHM,2005,20.61,6.58,5.051
Cambodia,KHM,2010,29.080000000000002,8.69,5.984
Cambodia,KHM,2015,40.52,11.78,6.996
Kazakhstan,KAZ,1950,14.629999999999999,10.07,3.494
Kazakhstan,KAZ,1955,14.15,9.8,3.437
Kazakhstan,KAZ,1960,33.379999999999995,24.37,5.31
Kazakhstan,KAZ,1965,30.6,26.93,5.172
Kazakhstan,KAZ,1970,41.03,34.56,6.122
Kazakhstan,KAZ,1975,51.15,46.04,7.053
Kazakhstan,KAZ,1980,65.46,58.099999999999994,8.207
Kazakhstan,KAZ,1985,66.77,59.3,8.424
Kazakhstan,KAZ,1990,66.00999999999999,57.31,8.273
Kazakhstan,KAZ,1995,81.94,68.97,9.579
Kazakhstan,KAZ,2000,98.33000000000001,78.83000000000001,10.684
Kazakhstan,KAZ,2005,98.44,81.00999999999999,10.739
Kazakhstan,KAZ,2010,94.11999999999999,73.58,10.495
Kazakhstan,KAZ,2015,93.89,76.28999999999999,10.525
Kyrgyzstan,KGZ,1950,34.28,16.79,5.145
Kyrgyzstan,KGZ,1955,41.160000000000004,18.89,5.588
Kyrgyzstan,KGZ,1960,37.1,25.810000000000002,5.944
Kyrgyzstan,KGZ,1965,41.13,26.41,6.185
Kyrgyzstan,KGZ,1970,45.459999999999994,35.64,6.759
Kyrgyzstan,KGZ,1975,55.269999999999996,41.82,7.482
Kyrgyzstan,KGZ,1980,70.31,54.61,8.59
Kyrgyzstan,KGZ,1985,71.68,56.91,8.774
Kyrgyzstan,KGZ,1990,72.97,56.22,8.786
Kyrgyzstan,KGZ,1995,70.10000000000001,55.25,8.66
Kyrgyzstan,KGZ,2000,62.81,48.78,8.1
Kyrgyzstan,KGZ,2005,76.55,58.709999999999994,9.259
Kyrgyzstan,KGZ,2010,87.11,66.04,9.985
Kyrgyzstan,KGZ,2015,87.06,67.6,10.104
Lao People's Democratic Republic,LAO,1950,3.26,0.47,2.354
Lao People's Democratic Republic,LAO,1955,8.05,0.86,2.51
Lao People's Democratic Republic,LAO,1960,9.48,1.31,2.783
Lao People's Democratic Republic,LAO,1965,10.739999999999998,1.71,2.972
Lao People's Democratic Republic,LAO,1970,13.15,2.37,3.411
Lao People's Democratic Republic,LAO,1975,15.98,3.4,3.826
Lao People's Democratic Republic,LAO,1980,19.44,4.43,4.243
Lao People's Democratic Republic,LAO,1985,24.630000000000003,5.82,4.672
Lao People's Democratic Republic,LAO,1990,28.91,6.789999999999999,4.578
Lao People's Democratic Republic,LAO,1995,32.29,6.39,4.48
Lao People's Democratic Republic,LAO,2000,37.54,9.78,5.026
Lao People's Democratic Republic,LAO,2005,44.29,15.26,5.731
Lao People's Democratic Republic,LAO,2010,51.489999999999995,22.83,6.574
Lao People's Democratic Republic,LAO,2015,56.18,28.53,7.16
Maldives,MDV,1950,23.98,19.49,3.223
Maldives,MDV,1955,24.79,19.56,3.377
Maldives,MDV,1960,25.33,19.849999999999998,3.49
Maldives,MDV,1965,28.659999999999997,22.06,3.946
Maldives,MDV,1970,28.869999999999997,21.24,4.02
Maldives,MDV,1975,32.1,23.75,4.455
Maldives,MDV,1980,33.63,24.28,4.68
Maldives,MDV,1985,36.03,28.759999999999998,5.121
Maldives,MDV,1990,35.16,22.650000000000002,5.169
Maldives,MDV,1995,33.410000000000004,17.19,5.344
Maldives,MDV,2000,42.8,18.14,6.597
Maldives,MDV,2005,64.71,7.73,8.075
Maldives,MDV,2010,77.82,12.05,9.194
Maldives,MDV,2015,93.01,24.55,10.406
Mongolia,MNG,1950,31.5,13.36,3.597
Mongolia,MNG,1955,33.620000000000005,14.06,3.771
Mongolia,MNG,1960,41.49,19.21,4.775
Mongolia,MNG,1965,51.550000000000004,25.16,5.532
Mongolia,MNG,1970,63.69,34.32,6.67
Mongolia,MNG,1975,70.48,37.53,7.122
Mongolia,MNG,1980,74.28,39.47,7.337
Mongolia,MNG,1985,78.06,41.190000000000005,7.635
Mongolia,MNG,1990,82.32,45.67,8.014
Mongolia,MNG,1995,80.83,45.04,7.966
Mongolia,MNG,2000,74.03,37.31,7.32
Mongolia,MNG,2005,79.6,48.44,8.447
Mongolia,MNG,2010,87.22,62.86,9.04
Mongolia,MNG,2015,91.04,71.47,10.512
Qatar,QAT,1950,26.99,11.690000000000001,3.308
Qatar,QAT,1955,32.699999999999996,15.169999999999998,4.07
Qatar,QAT,1960,33.11,15.280000000000001,4.272
Qatar,QAT,1965,38.28,18.71,4.986
Qatar,QAT,1970,38.42,19.67,5.088
Qatar,QAT,1975,42.47,20.48,5.582
Qatar,QAT,1980,42.84,21.060000000000002,5.615
Qatar,QAT,1985,46.440000000000005,19.94,5.935
Qatar,QAT,1990,49.489999999999995,24.799999999999997,6.532
Qatar,QAT,1995,53.03,28.230000000000004,6.96
Qatar,QAT,2000,58.040000000000006,28.65,7.448
Qatar,QAT,2005,69.67999999999999,32.05,8.055
Qatar,QAT,2010,68.33,32.67,8.625
Qatar,QAT,2015,70.78999999999999,38.19,9.103
Tajikistan,TJK,1950,50.05,19.81,6.257
Tajikistan,TJK,1955,53.71,21.1,6.574
Tajikistan,TJK,1960,67.21,36.04,8.133
Tajikistan,TJK,1965,68.91,34.51,8.177
Tajikistan,TJK,1970,80.34,49.39,9.429
Tajikistan,TJK,1975,83.94,52.54,9.777
Tajikistan,TJK,1980,89.16,61.97,10.348
Tajikistan,TJK,1985,92.69,65.6,10.701
Tajikistan,TJK,1990,96.28,68.36000000000001,10.664
Tajikistan,TJK,1995,96.13999999999999,68.93,10.289
Tajikistan,TJK,2000,91.45,61.29,9.838
Tajikistan,TJK,2005,83.35000000000001,51.92,9.256
Tajikistan,TJK,2010,85.13,52.449999999999996,9.402
Tajikistan,TJK,2015,86.81,52.03,9.568
Viet Nam,VNM,1950,33.74,7.75,3.984
Viet Nam,VNM,1955,31.89,7.42,3.9
Viet Nam,VNM,1960,45.589999999999996,12.14,5.513
Viet Nam,VNM,1965,47.080000000000005,12.309999999999999,5.656
Viet Nam,VNM,1970,57.81,15.08,6.271
Viet Nam,VNM,1975,59.01,15.639999999999999,6.441
Viet Nam,VNM,1980,65.41,17.189999999999998,6.881
Viet Nam,VNM,1985,29.779999999999998,7.89,5.246
Viet Nam,VNM,1990,12.729999999999999,3.7,4.478
Viet Nam,VNM,1995,28.28,9.57,5.358
Viet Nam,VNM,2000,41.699999999999996,14.07,6.206
Viet Nam,VNM,2005,49.739999999999995,21.53,6.38
Viet Nam,VNM,2010,56.230000000000004,25.200000000000003,6.329
Viet Nam,VNM,2015,69.48,38.03,7.6
Croatia,HRV,1950,11.66,6.359999999999999,6.314
Croatia,HRV,1955,15.81,8.49,6.577
Croatia,HRV,1960,23.65,15.08,7.599
Croatia,HRV,1965,19.77,12.35,7.435
Croatia,HRV,1970,32.15,22.16,8.339
Croatia,HRV,1975,35.49,24.049999999999997,8.636
Croatia,HRV,1980,42.01,30.32,9.049
Croatia,HRV,1985,43.28,30.16,9.22
Croatia,HRV,1990,46.61,32.410000000000004,7.652
Croatia,HRV,1995,59.29,39.300000000000004,7.814
Croatia,HRV,2000,71.48,47.55,8.82
Croatia,HRV,2005,86.61,57.290000000000006,10.918
Croatia,HRV,2010,99.52,59.69,10.546
Croatia,HRV,2015,99.31,62.519999999999996,10.587
Estonia,EST,1950,18.82,11.510000000000002,6.249
Estonia,EST,1955,19.11,11.32,6.331
Estonia,EST,1960,32.12,20.66,7.333
Estonia,EST,1965,32.81,19.72,7.414
Estonia,EST,1970,41.1,30.44,8.175
Estonia,EST,1975,47.54,32.08,8.538
Estonia,EST,1980,62.0,45.15,9.314
Estonia,EST,1985,59.78,42.510000000000005,9.19
Estonia,EST,1990,60.08,41.839999999999996,8.985
Estonia,EST,1995,74.5,48.510000000000005,10.033
Estonia,EST,2000,83.19,44.82,9.994
Estonia,EST,2005,86.16,46.66,10.445
Estonia,EST,2010,90.8,52.910000000000004,10.515
Estonia,EST,2015,90.03,46.480000000000004,10.171
Latvia,LVA,1950,20.6,11.489999999999998,4.401
Latvia,LVA,1955,21.17,11.379999999999999,4.429
Latvia,LVA,1960,32.24,17.35,5.455
Latvia,LVA,1965,35.04,18.42,5.631
Latvia,LVA,1970,45.870000000000005,23.83,6.486
Latvia,LVA,1975,48.04,24.87,6.618
Latvia,LVA,1980,58.1,30.630000000000003,8.78
Latvia,LVA,1985,62.239999999999995,50.290000000000006,9.902
Latvia,LVA,1990,63.19,46.019999999999996,10.151
Latvia,LVA,1995,79.35,51.42,9.663
Latvia,LVA,2000,90.72999999999999,44.010000000000005,9.147
Latvia,LVA,2005,90.31,46.9,10.386
Latvia,LVA,2010,87.97,51.33,10.137
Latvia,LVA,2015,89.4,49.699999999999996,10.335
Lithuania,LTU,1950,55.949999999999996,18.93,5.936
Lithuania,LTU,1955,57.01,17.85,5.999
Lithuania,LTU,1960,73.51,27.36,7.19
Lithuania,LTU,1965,74.93,37.08,7.584
Lithuania,LTU,1970,87.84,45.19,8.476
Lithuania,LTU,1975,89.41,52.650000000000006,8.771
Lithuania,LTU,1980,93.21000000000001,56.7,9.747
Lithuania,LTU,1985,96.4,59.11,10.69
Lithuania,LTU,1990,98.41,56.410000000000004,11.114
Lithuania,LTU,1995,90.05,49.94,9.801
Lithuania,LTU,2000,76.39999999999999,42.56,8.185
Lithuania,LTU,2005,76.92999999999999,48.35,8.593
Lithuania,LTU,2010,81.36,52.51,10.052
Lithuania,LTU,2015,83.41,47.28,10.159
Republic of Moldova,ROM,1950,53.62,17.32,5.781
Republic of Moldova,ROM,1955,57.72,18.419999999999998,6.225
Republic of Moldova,ROM,1960,72.10000000000001,27.950000000000003,7.642
Republic of Moldova,ROM,1965,74.01,26.310000000000002,7.738
Republic of Moldova,ROM,1970,87.85,36.05,8.871
Republic of Moldova,ROM,1975,90.27,42.07,9.25
Republic of Moldova,ROM,1980,94.38000000000001,48.26,9.667
Republic of Moldova,ROM,1985,95.61999999999999,51.349999999999994,9.881
Republic of Moldova,ROM,1990,96.51,49.02,9.888
Republic of Moldova,ROM,1995,93.47,45.480000000000004,9.646
Republic of Moldova,ROM,2000,91.84,40.290000000000006,9.507
Republic of Moldova,ROM,2005,93.25999999999999,43.22,9.599
Republic of Moldova,ROM,2010,89.92,49.34,9.603
Republic of Moldova,ROM,2015,88.5,50.14,9.865
Serbia,SER,1950,11.95,4.18,5.359
Serbia,SER,1955,17.45,5.92,5.774
Serbia,SER,1960,23.31,10.379999999999999,6.625
Serbia,SER,1965,20.75,9.3,6.743
Serbia,SER,1970,24.259999999999998,13.07,7.867
Serbia,SER,1975,33.58,19.22,8.645
Serbia,SER,1980,35.330000000000005,23.16,8.741
Serbia,SER,1985,37.81999999999999,25.76,8.865
Serbia,SER,1990,39.42,28.58,7.236
Serbia,SER,1995,48.599999999999994,33.54,7.386
Serbia,SER,2000,51.04,34.24,7.308
Serbia,SER,2005,78.07000000000001,50.29,9.39
Serbia,SER,2010,98.23,55.97,10.215
Serbia,SER,2015,93.47,56.26,10.119
Slovenia,SVN,1950,26.01,9.790000000000001,6.327
Slovenia,SVN,1955,28.62,11.92,6.682
Slovenia,SVN,1960,36.0,13.43,7.461
Slovenia,SVN,1965,39.06,19.599999999999998,8.047
Slovenia,SVN,1970,48.1,23.36,8.964
Slovenia,SVN,1975,58.17,29.92,9.457
Slovenia,SVN,1980,62.15,32.04,9.527
Slovenia,SVN,1985,83.47999999999999,45.68,10.585
Slovenia,SVN,1990,95.04,47.44,10.001
Slovenia,SVN,1995,95.69000000000001,51.19,10.154
Slovenia,SVN,2000,98.91,55.16,10.184
Slovenia,SVN,2005,97.78,59.45,10.68
Slovenia,SVN,2010,97.62,58.42,10.265
Slovenia,SVN,2015,99.09,54.42,10.795
"China, Macao Special Administrative Region",MAC,1950,14.44,3.6,3.839
"China, Macao Special Administrative Region",MAC,1955,15.26,3.87,3.891
"China, Macao Special Administrative Region",MAC,1960,21.21,5.43,4.268
"China, Macao Special Administrative Region",MAC,1965,22.35,4.8999999999999995,4.327
"China, Macao Special Administrative Region",MAC,1970,27.32,6.83,4.73
"China, Macao Special Administrative Region",MAC,1975,33.17,9.65,5.051
"China, Macao Special Administrative Region",MAC,1980,37.34,11.299999999999999,5.242
"China, Macao Special Administrative Region",MAC,1985,50.339999999999996,14.34,6.141
"China, Macao Special Administrative Region",MAC,1990,56.29,15.1,6.406
"China, Macao Special Administrative Region",MAC,1995,68.44,27.93,7.415
"China, Macao Special Administrative Region",MAC,2000,72.66,29.93,7.414
"China, Macao Special Administrative Region",MAC,2005,83.38,43.22,9.047
"China, Macao Special Administrative Region",MAC,2010,89.28999999999999,56.5,10.547
"China, Macao Special Administrative Region",MAC,2015,94.47999999999999,68.48,11.439
Ukraine,UKR,1950,50.64,16.53,5.715
Ukraine,UKR,1955,64.06,19.919999999999998,6.627
Ukraine,UKR,1960,68.86,33.83,7.501
Ukraine,UKR,1965,86.84,40.31,8.466
Ukraine,UKR,1970,93.48,58.83,9.3
Ukraine,UKR,1975,96.24000000000001,63.17,9.597
Ukraine,UKR,1980,96.42,69.48,10.278
Ukraine,UKR,1985,93.41000000000001,69.48,10.937
Ukraine,UKR,1990,92.25999999999999,65.62,11.308
Ukraine,UKR,1995,94.31,65.67,10.626
Ukraine,UKR,2000,95.31,64.91,9.62
Ukraine,UKR,2005,89.35,65.23,10.136
Ukraine,UKR,2010,83.11,62.730000000000004,10.033
Ukraine,UKR,2015,83.0,65.27000000000001,10.029
